"parameter","2030","2040","2050","2060","2070","2080","2090","2100","2110","2120","2130","2140","2150","2160","2170","2180","2190","2200","2210","2220","2230","2240","2250","2260","2270","2280","2290","2300"
"gamma_g",2.733841530317089e-5,0.003644498903020852,-0.002728578516048486,0.015168648268071246,0.037320263445594054,0.060937899976693376,0.05921344137781818,0.05726423145171241,0.052085121783483256,0.048621539414523844,0.04617886401640856,0.042961102250451806,0.041634732874511984,0.040202162573506034,0.03865388154533392,0.0377876710956694,0.03742743633792122,0.03682213271640777,0.03567228741041611,0.034849434211725254,0.034162308441234655,0.03339970314139328,0.03279070682342211,0.03212875834603615,0.03156463548931089,0.031116969097701053,0.030614384109801492,0.030175016860335042
"t_peak",-0.0057577411286384205,0.00712221453602492,-0.00035131121433577557,0.019008511267437696,0.06673986753031323,0.1669820309594232,0.2575352662594929,0.328663631224495,0.3786194782836019,0.41468172671599013,0.4381742867328543,0.4527128722972767,0.46413919143893106,0.47184344990257593,0.47549208941176707,0.47740324290495917,0.4788243496699217,0.4785895351650273,0.47854211075766256,0.4775553367007999,0.4748284929947095,0.4725533885506218,0.4697733330180645,0.4666748345105164,0.46327489721117004,0.459493999907958,0.45593631536148,0.45279711816186674
"gamma_d",-0.0024108915051598775,0.010036363038821114,-0.0023329933245292405,0.005407468981388893,-0.0021608460225874286,0.0020892242348538076,0.005502738464931386,0.01261866899330894,0.019987992943670815,0.028903918182808783,0.03772125405749979,0.045845476160910614,0.05612705176527101,0.06410669949097421,0.07367727916906273,0.08202543122634896,0.08998320498702084,0.09616865116987454,0.10089914143990364,0.10486502890892291,0.10909375155358583,0.1129132093316205,0.11693724116859269,0.12118865390346599,0.12498034854037657,0.12891915795432562,0.13212268801978116,0.13554276982252625
"sd_temp",-0.005618176501766188,0.0059876519873414535,-0.003575711537390016,0.0018074317355312294,0.0015187913175845808,0.0011277860464991081,0.0014926403322036755,0.0008352830337252306,3.448883143575132e-5,0.000984678827740803,0.00021344454420933618,0.00022418285351845173,-0.0004425567609286819,0.00020371236574984425,0.00014971278477451556,0.0003952634171679322,0.00023120931255290444,-2.2138898033834667e-6,-1.688999142515459e-5,-0.0001566325916928057,-0.0001872568035975093,-0.00011193506875620833,-0.000199173041723024,0.00011538057315530304,5.910534518365019e-5,0.00015913256306797208,-0.00010624713814880147,0.00010589040777247615
"sd_ocean_heat",-0.0014316552156663487,0.003051196346662343,-0.0004608902477112028,0.0030293161731886364,-0.0018044679944879283,0.0034878144569194256,0.0007920902749618893,0.0006263250008566358,0.0002614526154553493,0.0013586035601688862,0.0002431828362418424,-0.00032937164642237083,0.00033629894831678535,-0.00020927294070391931,0.0002303188557085632,-0.0005021496525130336,0.00028436624405980907,0.0003131450253073779,9.621183345494787e-6,-8.46444878343794e-5,0.00010877251760975734,-0.00014247086331637432,-0.00016237483779405783,7.094101568719721e-5,2.581520534203924e-5,0.00019473892107378413,5.840299698366247e-5,0.0001012445132593457
"sd_glaciers",-0.0010229816818168578,0.007662654144278062,-0.0029111631934140283,0.00653454129095741,0.0021994076460580187,0.0029630627008591214,0.000978574751262202,0.0016886712204422555,0.0003067485753459409,-0.0004303167261012159,0.0001751763565761173,-0.0006077757642766814,0.00015580902729100542,0.00024371708542350793,8.648996432948084e-5,8.378647089245983e-5,-1.649453805140454e-5,-0.0003198470873546209,-7.745375462932137e-6,-0.00016852029411998265,-9.259274795891886e-5,-0.00019281832758338103,-2.335018096837809e-5,-3.548219237326563e-5,1.2490614258538647e-5,8.704680695957725e-5,-5.027091049656377e-5,0.0002038886989691314
"sd_greenland",-0.004665068134990515,0.006812007547302691,-0.002392515542481955,0.002254842239142547,0.002707104251276195,0.0008340007366638714,0.0020225722399542,-0.0004541616546765563,-0.00016968925450141476,0.0004891337141409999,0.0005094568785244607,-0.00029696486537430085,-0.0001362762303361943,-0.00035253609198151797,-5.083522044626863e-5,-0.00011094096711946561,8.386527907587588e-5,0.00010065588079054544,-6.000306302930355e-5,-5.982919594929156e-5,-0.00023733793002856342,-8.641662087755024e-5,-0.00010389032441417153,0.0001673455744230162,-9.966442595347329e-5,-7.308173951315853e-5,3.629109358324918e-5,-2.3562794861252473e-5
"sd_antarctic",0.0018147868264492824,0.0038769585896026157,-0.0003518690096486267,0.004941871608481367,0.000880257401067274,0.004591776441035244,0.0002976070747301096,-0.0005900213635024935,-0.0005637686294995978,0.0003363908498405701,0.000741411514607153,-0.0007738329229071321,0.00038723806365222876,-0.00011942826515943202,3.672167598930247e-5,0.00010768221122279364,-8.110865071418225e-5,-0.00014880382485412696,-9.412953746931696e-5,-0.00012850222558266925,-3.402902452714332e-5,-0.000211913917647589,-0.00024181635536395002,8.925022415482816e-5,2.880714401170441e-5,0.0001914477585152645,-0.00015228162947781266,-1.3614935606509983e-5
"sd_gmsl",-0.007087423568738936,0.004951418063994662,0.001248306805565829,0.00785194735440908,0.00018987101209273262,0.0026090186506016267,0.00013089766386230542,0.000881323177090701,-0.00042175701332307814,0.0007914348915860684,0.0007356801967393845,-0.0003940442384088134,-0.0002891356611462595,-0.0006758147398100685,6.826474609058858e-5,0.00026099940024844646,-0.00021390317174914763,0.00015343699416457934,-0.00011614689054979529,-8.420931114110209e-5,-0.0002340948025534278,-0.00020907817554548645,0.00015356856873815282,9.27067311750152e-5,1.8233639359035536e-5,0.00013850481062717315,-0.0002145707711032799,3.272127673657088e-5
"rho_temperature",-0.004731297353233348,0.0024918653206564955,0.00029730034049475925,0.004928767217711682,7.832415982245015e-5,0.003621146049610226,0.0004278159776383829,-0.0005562349063176427,0.0007010311010128406,-0.0009789835543046249,0.0004780805374837159,-0.0009858380067744794,0.0003847059474887907,-0.00022586974663716753,-0.00014617073877497294,5.173845985970765e-5,9.822320303530664e-5,-0.0001939603942888099,-2.3615957171856735e-5,-0.00023823299535915442,-0.00019092639725243183,-0.0002520018722551951,-1.2733342777537974e-5,-6.673562565559811e-5,-4.3790260264310896e-5,-0.000149439674224262,-0.00023753473158190507,7.069010535876379e-5
"rho_ocean_heat",-0.00974552744907933,0.006367622216107863,0.0018383712762476275,0.006160632139263865,-0.0005493728092049304,0.0037318283895682943,0.00013797872889162148,0.0009120910892624762,-0.00010186051675021462,0.0004761139954314187,0.000502055658310267,-0.00045884072585038145,-0.0003344658343945556,0.00018803092419587968,1.2119123963620727e-5,0.00019278221426209636,3.641352207367364e-5,-4.20309591595761e-5,-0.00017452747549248827,1.0130613592355525e-5,-0.0004574337357580743,7.444412200716303e-5,-5.9967370159962574e-5,-8.231054068821674e-5,6.938436772791328e-5,4.2940420171748244e-5,3.068118754012018e-5,9.813708309307567e-5
"rho_glaciers",-0.00723453652037173,0.006080619711376415,-0.004197343826302889,0.00074287668766908,-0.002120020920487478,0.002794193960991754,0.0007336839188416055,0.000937987956403789,0.00024238068788089856,0.0006152041583525698,-0.0003575957995891977,-0.0009552946598575351,8.53422050844792e-5,6.966195117364048e-5,3.916730234930266e-5,-0.0001498510235241908,0.00024505495818478973,-4.456620623682628e-5,-0.0005219924631416204,0.000247722964876569,-0.0003113712181661462,-0.00019278116205963817,-3.9751606442597385e-5,0.00020671800082428446,0.00022975083447036523,0.00019340626284780163,-2.5646241735686547e-5,4.9157869009829845e-5
"rho_greenland",-0.0009241954027189092,0.0050791626381400815,-0.00396222011434702,0.0021783071092042693,0.000890384379361444,0.0028386370749348203,0.0006103549565059594,-0.0002973434633256038,0.001181751946136055,0.0007110237198804276,0.000785843921794024,-0.0004256816113481565,-6.894412090478301e-5,-0.0002456422919446066,0.00015614285676519217,0.00020296404821953823,-0.00013095172620615397,-5.857862080214583e-5,-1.7103342446733736e-5,-0.00014410776288989184,-0.0003405914410103737,-8.131940857538933e-5,2.377804656572555e-5,-1.1115972605549085e-5,9.305691081142774e-5,4.6970757100902674e-5,-5.073360925737038e-5,-2.9698221521278398e-5
"rho_antarctic",-0.0022685715552959174,0.007845760217831831,-0.0037305972133469542,0.004943808599344833,0.0008864192232795004,0.002408492966375733,0.0011116961975612754,0.00035965944468803587,0.0005296138564383651,0.0005225200381584816,4.8577302462493696e-5,-0.000854514071401222,-0.0003040659288818057,-2.3886873967366344e-5,0.00021448666546563017,0.00026067676917313127,0.00031030913019556444,1.4431208255021006e-6,-4.223425062716685e-5,-0.00010833922782543607,-8.35853608970481e-5,-9.373883382228317e-5,-6.689897064578644e-5,0.0002450693171651594,5.8286042381059996e-5,-5.905476889671457e-5,-4.663194387200706e-5,0.00012074706854850752
"rho_gmsl",-0.004047181307156083,0.005141691428631831,-0.00662791552165709,0.003583110347164058,0.0003453843629555181,0.0015489851815468647,0.0019035376352991669,0.0008319646553470914,0.0009619744188392124,0.0008633431786638122,-0.0002757178260442199,-0.0005467793800845149,-0.00040774041712306934,-0.00018066155656578655,7.530913002452516e-6,9.540580672465801e-5,0.00019611606660659047,1.0601054187634462e-5,-0.0001880519081511219,-0.00014790863454936662,-0.00022886528686585605,-0.0002933203690805182,-0.00019495808478491884,9.525713828440396e-5,9.538581874367222e-5,0.00013805012550343614,-6.95516182886285e-6,4.861581355621769e-5
"CO2_0",-0.0033240487001694086,3.7366092314759936e-5,-0.0033520003225867,0.0030185182817462344,0.002107112814652812,0.0021347094073774224,0.0012868679062248143,0.0008833971701776273,-1.1960022909141147e-6,0.0002841371944444296,0.00013559787637284495,-0.0005553351453336004,3.732058592600221e-5,-0.00022682305360791115,-0.00014922059553310418,0.000209033226832442,0.00023680587605467898,0.00012759883219517926,6.97053370706787e-5,-0.0003189343458145922,-0.00018418885297207763,-0.00019877948513222148,-0.0003104045566663342,-3.693623920887248e-5,0.00012667964923812508,0.00012091351870282799,-0.00011762475738356392,-7.836358093056404e-5
"N2O_0",0.0007592862013378752,0.007020205301366152,-0.002939236234877422,0.0029907931777922877,0.0016909382868416606,0.004217966621196424,0.0011834104854455336,0.00038642951068862174,0.0009242776279833615,0.00011578102205098445,0.0007366653853983474,-0.000997891182724375,-0.00024092363726745415,0.00023049632283066502,0.00022131948742768446,-8.501744104099859e-5,0.00018768981727840717,-3.9334359640193866e-5,-0.00010465952915767974,-0.00027657188283782854,-5.371693390616569e-5,-0.00031939800772922187,-0.0002405056301377371,3.08372781016524e-5,0.00015303907077232045,7.479976212516098e-5,0.00011965697974165999,-1.596139631470964e-5
"temperature_0",-0.0032243376332640496,0.008983131269758353,-0.003295229982190131,0.0010947339681339574,0.004061453587209308,0.0021456116389352185,0.0016785179080244924,-2.7626394710280868e-5,0.000697742282024414,-0.00014282259078056563,0.0005035919673496687,-0.0001700270542107058,0.000523271486793133,-0.00024825176825347484,-0.00011829119675217203,-0.0003906952227822849,0.0004732678945183817,-0.00014066180898657067,-0.00017395871828009685,-0.00013736907256053072,-0.0005213176251403026,-0.00010307827136767714,1.905616859040084e-7,-4.30861778760664e-5,0.0001691344827207922,2.841564217323786e-6,-0.00010425686323037413,0.00012033479081990924
"ocean_heat_0",-0.0020539373780026735,0.006282497284919399,0.003802709190118563,0.0043355600091285005,-0.001719501406001745,0.0020793156403252793,0.0012809366346799118,0.00045054578993233667,-0.0006514915051131487,0.00065209571901026,-0.00011953504173888428,-0.0003308058692719156,0.000292101392713252,0.0001687219367748855,0.0002617498481831472,6.782502593788629e-5,3.409989927442495e-5,9.56806266291801e-5,-5.296762476795805e-6,-0.00018214586258116598,-0.00027624154864900317,-0.00014144134464366074,-0.0001904975918883691,-0.00011305129543851847,0.0001899614846802253,1.2042272354401453e-5,-0.0001330769060840702,0.00020850785162283483
"thermal_s0",-0.0004404587756412932,0.0026162199586091234,-0.0030366467646703696,0.001101699417966856,-0.0006339019116212324,0.0011973442775902075,0.002361073658726429,-0.0015146624034015014,6.510976240085232e-5,0.0003068944807604741,0.0006175558560412113,-0.0006164809227596642,0.00026236242426522964,6.96193886375266e-6,-0.00017568597220358803,-0.00014001381963179037,-0.00030221591704264423,-0.00019425838583890848,-0.00015128502290469648,-0.00024682506855358435,-5.9990882927966525e-5,-0.00022163298455198772,-0.00024940128873357704,2.1207923347383154e-6,3.211349382711018e-5,2.4262928142972386e-5,-0.0001590627597394489,5.926726301377869e-5
"greenland_v0",0.0003701297146563271,-0.0011720333880109682,0.0028641244312017904,0.001644842572719366,0.0012116336563165644,0.0015477687774239966,0.0012839223867085374,0.0016904804996864286,0.0002941757322246988,0.00019422949865308142,0.00033639827956889393,-0.00023128478532343576,8.99889075488963e-5,-5.726563150365165e-5,-0.00038521068274361585,0.00038865245348286846,0.00012557109062716966,-0.00012921247158637251,-0.00020177199071974192,-0.00031406626676706406,-0.0003703099733400156,-0.00035703168772521375,-9.496434178907506e-5,0.0001306613545670239,0.0003069428198356284,0.00015854542894381757,-0.0001263900920523245,-7.973405894455725e-5
"glaciers_v0",-0.001571914941932763,0.0028918431804665604,-0.003879471797347641,0.006380207141755267,-0.00010028105011262629,0.001022302489615873,0.001592416811455166,0.00020022571416793437,-0.0002596472916109704,0.0002775035539924632,0.0003888757167702497,-0.0010194113298996948,0.0003916362157072451,-0.0003232569088080472,-4.933841039239267e-5,-2.8148007201343707e-5,0.0003460754601803673,0.00024295757409621474,0.00012224748309668957,-6.460564552560935e-5,-0.0004486845946806468,-0.0002967871452623571,-2.1556806366664096e-5,-1.21677485256473e-5,2.937938606794465e-5,6.91114069759431e-5,-1.765371687496456e-5,-1.9364161849716754e-5
"glaciers_s0",-0.00893503383552651,0.002056182114682972,-0.0018331411238293705,0.00045795321290933,0.003469536426260601,0.00288493233859089,0.001912123095932884,0.0008281967467388404,-0.0001980127942806278,0.0004266232724914981,-0.00022551285663560623,-0.0006571698457159145,0.0003179699456853011,-0.0002627277811785178,-0.000385294828005813,-6.815471452106278e-5,0.00031986826270971776,0.00016492266675630126,-0.00023849780523046006,-7.083318025827677e-5,-0.00020078791549283626,-0.00020414221960207395,-3.595619783769101e-5,7.007729116202934e-5,3.7247653572164383e-5,0.00018083683021311275,-0.00023111283856119016,0.00014114944843666955
"antarctic_s0",-0.004646643841422444,0.0041256158469672845,0.00017940476746036005,0.00598173821667135,-0.00032798890516513027,0.0020113697763272493,0.0012481868297591705,0.0003177503919856175,0.00022048404797591614,0.00013567919764947287,0.000608488034656156,-0.0012299749376913516,8.19224675379529e-6,-0.0002801435732098486,-0.00024601837255640687,0.00018025691659251915,0.0002681253663912778,0.000196554018525733,6.005883128928664e-5,-0.00020849728246014187,-0.0002272161958870267,-0.0002339702346752348,-0.00014090791272968338,-7.282984641526202e-5,-3.333346895023865e-5,6.680596434497617e-5,6.39902255138097e-5,4.715593524693975e-6
"Q10",-0.0004236125005020404,0.006793785385178028,0.0023700028465623306,0.004262564412572373,0.001258127809309029,0.004652581295972099,0.004415744369865028,0.0031182447842476937,0.0027619563879915858,0.0033615800331286,0.0028349286048127424,0.002534285862656333,0.0028319897415559872,0.00289916865980458,0.0026700258836871785,0.0031794254825425554,0.0036708203993060626,0.0029494446716767124,0.0033614821131266676,0.002950316800000623,0.0030516988806064934,0.0030131832888865232,0.0032707660020040424,0.00326637570479405,0.003110847744448907,0.003166645246688965,0.0031108236125417695,0.003324535776584279
"CO2_fertilization",-0.0009358778086286706,0.0032189366134420267,0.00043976439966449143,0.005279596324166676,0.0027597076961853456,0.005129621348945126,0.0032948714431113866,0.0033504115739441294,0.0012356027447974558,0.000392513309359602,0.0009847823291701736,2.465728181440477e-5,0.000399329003325214,0.0005459192431100439,0.0009032477043152392,0.0011142035758633945,0.0016367230720564035,0.0014538741903245326,0.0012217715653582097,0.0010833530024721278,0.0013049964693636546,0.0015765669551265206,0.0015391520228807305,0.0016939364962443662,0.0017490168776725587,0.0017355585667431757,0.001803985729873703,0.0018316937072025393
"CO2_diffusivity",-0.007088692408529324,0.003104878746042754,0.004308103761210167,0.0028256273913668693,0.0036211990228981784,0.006096024604067629,0.003308960356704267,0.004023225423080211,0.002936301064159628,0.002088111477870112,0.002673038755238671,0.0014725172222682388,0.0017153885251875352,0.0018549461284060127,0.0019230704679029558,0.0015998864937199157,0.0017399853800072582,0.0017021935621987303,0.0011942191770923818,0.0011354042153077029,0.0012726175902413258,0.0010954700337339719,0.0010599902316815969,0.0011645277299266803,0.0009306824132901218,0.0011863250877834743,0.0008635850381363209,0.0008933254272285286
"heat_diffusivity",-0.0029901874017202947,0.0029498769660407835,-0.0021570285979163445,0.002921747426686892,0.0011850417737752192,0.0037112651758953916,0.0002626172147710748,0.000992978783193701,-0.0008670048991069306,8.657170920810889e-5,8.977613908475405e-5,-0.0005668432149353161,1.7554363745959973e-5,0.00069549288614212,-0.00044491691114434726,6.141808933502165e-5,4.418787449045564e-6,-4.9056266784062086e-5,-0.00010682647723674815,-0.0004488275708720439,-0.0005085510234509589,9.98470472417849e-6,-0.00012525714024777998,-0.00015193478526824014,-2.1095862026473627e-5,6.395904944327386e-5,6.0589969338437485e-5,6.744857610857005e-5
"rf_scale_aerosol",-0.004537078288180499,0.013427124530510598,0.0021459783096619187,0.007536323857131583,0.006270451134691092,0.0031851060491830947,0.0024405340401473536,0.002610561384004242,0.0007493941127084799,0.0025245842393521742,0.002084575279402565,0.0011129861375795704,0.0016782916675928562,0.000936320756188328,0.0016656455676039193,0.0013503469565328732,0.0016302838294642555,0.0015052555280742799,0.001260565988229687,0.0008317478980984248,0.001030859149860303,0.0006942637344661956,0.0011802914249726916,0.0006919634625643039,0.0009877854390742387,0.0009883744318957876,0.000963185137454648,0.0009610437821507092
"climate_sensitivity",0.0040464975741154995,0.012825867936651355,0.006121302945296253,0.023454756659796006,0.02069676987096588,0.0187086657494217,0.017457869592279775,0.015051451050564503,0.013661760048883025,0.011261193415559022,0.010844297114088576,0.009439765574480353,0.009707143967227012,0.008740165357172798,0.0092123180052501,0.00946342791112324,0.008987374964237706,0.0088319045502021,0.008145638172751692,0.00786642384177222,0.007765408911520823,0.007349231930274041,0.007186519144371942,0.007051905877758324,0.007216862777794048,0.007326301419327961,0.007284617797653349,0.007437074220207921
"thermal_alpha",-0.00032374651000445043,0.009099428304079088,-0.0002667356509525628,0.007575688238571721,0.006332090861258783,0.003303581674192718,0.00228262220357594,0.0017577502112502794,0.0011479103494881299,-0.0004487160677180138,0.0008736297336884015,-0.00018044131711891418,-0.00026743264930956874,0.0003715465802269765,-3.556260291195718e-5,0.00035134049507939074,5.919205930305012e-5,2.855261970607841e-5,9.662861134373262e-5,-0.0005715276750722148,-0.00027385095276172207,-5.819515249498988e-5,-2.8518888556600924e-5,7.011376073342603e-5,9.893762987384216e-5,0.0001512968027035646,0.0001529211422188765,0.00022095203387119936
"greenland_a",-0.0016298633344956097,0.012031577280275535,0.011913799586775815,0.015550826573253119,0.010391732052632816,0.012655883230604932,0.007443720488242442,0.0073662510728875604,0.0050074122215296515,0.004754407000957961,0.006185907132272178,0.004527652186445566,0.004725950440551281,0.0045426579058940285,0.004473447256136887,0.004411834106967548,0.004183800808448497,0.003625172186694276,0.0036846952811539395,0.0035415573892510943,0.0037501457059047586,0.003425500313467443,0.0034809680575348255,0.003764168781381089,0.0033905974641370447,0.003496974376007174,0.0035413628879093716,0.0036219922958187043
"greenland_b",-0.00027964138955913724,0.004870159527467589,-0.003905434585334744,0.007599980100914519,0.002472095049342057,0.0033914588362598743,0.003172274370359541,0.0020447959204952983,0.0006772593605917215,0.0003660146325675559,-5.836390707264408e-5,-0.0013164855872777614,2.044775414987924e-5,0.00016459674643790962,-0.00011551954523291598,8.538767593826552e-5,0.00022445801834120925,-1.453056946498052e-5,-7.086174394076558e-5,-9.953649714790327e-5,0.0001613448800379342,-0.00023021791849280775,2.05291127935456e-5,-4.727666616845739e-5,0.00010938267676784062,6.377130423667131e-6,0.00018957172269431274,0.00024028627580973547
"greenland_alpha",0.0005572325116318229,0.005570621032190588,0.0009786067905783497,0.00746466112039055,0.006858657666430554,0.009119007754357845,0.0035391296247548848,0.005008376339109997,0.0034949627996564417,0.0031554044835879133,0.003340874613442739,0.002528449438441941,0.0027381784497617313,0.0027929688376727773,0.00262745081436333,0.0026822870489154253,0.0024569980184014958,0.0026131002376236557,0.002301927771843202,0.002172181428332566,0.002137590442125193,0.0024265466176598472,0.002060467730462577,0.002391610592546351,0.002097772683874432,0.0021424126139173924,0.0021080339463555886,0.0022159690914756113
"greenland_beta",-0.00539814385944733,0.0029902338374755135,-0.0012622221161548354,0.0027588102450969935,0.0038952126728645908,0.0016262613769224873,0.00027229747205246836,0.0006191998083856705,0.00023399572910166684,0.001141760941742897,0.0004006029336801332,-0.0007839203286866855,0.00017411048795901185,-0.00048266097535538797,-0.00034819617929205776,0.00020411200725977663,0.00024838120929860323,6.68486275075224e-5,0.0003844212638599682,-0.0002118918207676143,-0.000265869209047432,-0.00014910862073488058,3.902626365110578e-5,-0.0002652747143718776,6.893289125622138e-5,9.97011149327061e-5,-9.272365497404879e-5,-5.075483166007342e-5
"glaciers_beta0",-0.005291756227772677,0.0051418582649181465,0.0018569999127903548,0.00499901614899667,0.0008867369347689682,0.0029528403935947705,0.0018847738450756405,0.0007447939713931103,0.0008748711432688713,0.0005122876365604714,0.0004039790832891486,-0.0005714733044880408,-0.00019247669771828274,-0.0005812158105035622,5.06640895319958e-5,-0.00022360943951446578,0.0001588990429058937,8.913539175760775e-8,-7.838993713698921e-5,-5.109611045615907e-5,-0.0003169286234529876,-1.4210872554049174e-5,-5.702051247514508e-5,2.9048403301159396e-5,0.0003348286709876466,0.00017651612374448082,-3.8044986882406785e-5,-5.24944106133071e-5
"glaciers_n",-0.008269831104825374,0.006366932990666127,6.917198249332578e-5,0.006271199909944719,-0.0024637018105929487,0.0024588073972181524,0.0012981765121516586,0.0006529831115331514,0.0001064871885696254,5.5338607959377575e-5,0.000736982745244971,-0.000209836042051053,5.671521572976089e-5,-0.0002917778722305423,0.0003214266411447725,-6.147917496588801e-5,-1.6779271436112723e-6,0.0003582950013008208,-0.00024071723438572995,-0.0003838958502948878,-0.0001734297999338483,-0.00024986975553928066,-8.225300404604586e-5,1.2718872085871837e-5,5.610046151584739e-5,-0.00015711639112239598,-8.116769998616932e-5,0.00028400954462425064
"anto_alpha",0.00033475024665113537,0.0060103900378900635,-0.0007450958389613055,0.0030307740714393466,0.002147218399826426,0.002515169065716635,0.0006479375717669316,0.0010176625007463631,0.0009448847506602364,0.0005014638950824053,0.0007349112083583724,-0.0002274474229471747,-8.241853386560772e-5,8.62520621793927e-5,-9.260937609364282e-5,0.0001212334569131271,0.00019946000880915755,-4.559556838850237e-6,6.369228600756622e-5,-0.00014998000029241057,-0.0002643891783260003,3.690191194437017e-5,-6.218115264279847e-5,4.392249342699802e-5,0.00024860960666893005,0.0003719965865451436,-0.00013148890805586317,0.00016518529168241448
"anto_beta",0.007755767216100684,0.017378477591287904,0.004044133542388266,0.00800698484159136,0.0035831733390402068,0.007695533435389534,0.002760816945785537,0.0010973855244662185,0.0009266741695721909,0.0022438562206921375,0.0010793428801455565,-0.0003326820525329277,9.57221037020545e-5,-0.0002208206331764847,0.00033870107758114757,9.713385348930957e-5,0.00032362219944646154,0.00021248349515605648,-8.329114796943281e-5,-0.0003717334256688287,-0.00012022728116157248,-0.00019492917054261317,7.378631640110633e-5,9.529344941398461e-5,0.00024317701491359487,2.141626962425634e-5,-0.0002151788506149646,-1.914844807586314e-5
"antarctic_gamma",0.0030105281490171456,0.010417510352789407,0.0001192036386565406,0.003284160845462557,0.0015170363688161573,0.002052924457150791,0.0016174769769862186,0.0014936112382152962,-0.00041797888858958077,0.0010838153967920275,0.0006243161138570211,-0.0007534980055119471,0.0005396149103667335,3.4340827035470435e-5,0.00024804854380428536,-0.00017578863508537285,0.00030846237840221176,-6.601865531937056e-5,0.0003761460170103493,-8.50219409101833e-5,-0.0004468481367977633,2.9183401637605578e-5,8.338257613617758e-5,0.000374917000706374,-0.0001265237707797002,8.897005924081005e-5,0.00010899382338602854,4.056807291917554e-5
"antarctic_alpha",0.003016703204157304,0.011481890960612235,0.0063240436737263634,0.009494172260724854,0.004108066070303142,0.0038804882882640945,0.0012257352061006972,-0.00023700182242344863,0.0007637235429656037,0.00038036611407875234,0.00011104586930365864,-0.00023152378557296505,-0.00011951884897659855,-0.00010625489035023163,-0.0002319871913105682,-2.7267846753728717e-5,1.2919275873965071e-5,-0.0002520509366692321,-0.00012556195979561557,-0.0006092564905860345,-0.0005160531385936728,-0.0005021439499457507,-0.0003303182277013179,-0.00010028737685747407,-0.00019819966812693188,3.24770601150209e-5,-0.0001747893638785463,-0.00012675370289597066
"antarctic_mu",-0.0030536400728600416,0.012889492649650515,-0.0006499774857894195,0.005352550051781991,-0.00018189619495927422,0.0019028437223081178,0.0006051373100992642,-0.0009347586122266592,-0.0003608156663004427,4.167890098664554e-5,0.0004887613349987632,-0.0015572585006338993,-0.00027671197163211164,-0.0005378296367076063,-0.00035553424056141846,-0.00021372128876473193,4.291787767536678e-5,-0.0004389113628318679,-7.32643309418503e-5,-0.00032509784361346543,-7.025639329072419e-5,-0.0001274348198580718,-0.00017578760757803354,-6.994597415313314e-5,5.6596372341412895e-5,0.0002078630803894473,-7.102734376341991e-5,-2.2596851190215885e-5
"antarctic_nu",-0.0020656041305444615,0.006987607888455456,-0.0009518151173150358,0.004050311021693282,0.001403920627852707,0.0032866036790539293,0.0027536928613311673,0.0005066289806094274,0.0005453527731238959,-0.00029926799987744644,-9.393796020728378e-5,-0.0011093413308912155,0.00017112352929376,0.00011455778965375984,0.00011375376028721245,-0.00010454458161470957,0.00029712904283906105,0.00027449329025948393,-5.557008128538478e-6,-1.2715518728573009e-5,-0.0003206261923257076,-9.25845634080275e-5,0.00015230288262910773,0.00010122596515092585,0.00011142786132040828,8.116086399173112e-5,-0.0001798074859468448,2.540295437973104e-5
"antarctic_precip0",0.25726360941869314,0.2619290269190441,0.2331863892964976,0.19708764174519838,0.127251763043696,0.08086794807721226,0.047530678951891996,0.034283126269336016,0.02349189241687461,0.0186327886404634,0.015594554601255027,0.01156174492959183,0.010656396700227767,0.009252745676781119,0.00834161245935986,0.007333034137804196,0.0071229050181410725,0.006610683774632693,0.005901602480125847,0.005822265197743273,0.005696080691837638,0.005488742418524094,0.0050997611743555825,0.005465633136069654,0.004955752680736755,0.0049588005558099234,0.004733961717376775,0.004904495014756461
"antarctic_kappa",0.08772245740279187,0.08852222323201496,0.07893905183337148,0.06706912426521595,0.040516194231799876,0.02634411128421585,0.014405857327000057,0.011133089395673154,0.007030003716922618,0.005553737535096963,0.00401153870419896,0.00208340697824485,0.0028068848013096275,0.002275824414102049,0.0019329652470421361,0.0012427805338390328,0.001966565506166692,0.0013104828610821164,0.0012606582638883881,0.0012591268703973052,0.0008516985072348742,0.0010366772478423573,0.0011052592751094447,0.0011241549382300226,0.0010169732900700314,0.0010433004447045601,0.0010436080759688908,0.00098280451693722
"antarctic_flow0",0.10954145293560746,0.11437549817685355,0.1050752097484286,0.08342593033264742,0.053861873061725185,0.03637729589726604,0.020037048964191822,0.0123290056157813,0.006460483343966888,0.004829388232678019,0.003930525311876277,0.0021276718243213658,0.0022671169395333227,0.0017009243248872613,0.0015718651095350165,0.0013989483049025525,0.001547980025575357,0.0008908032367199044,0.0007521345920378133,0.000778328290476611,0.000765049808709836,0.0005840190515105804,0.0006918624840774243,0.0008006852135760285,0.0008270454621441884,0.0007785703560940924,0.0006364305076547282,0.000827078127940875
"antarctic_runoff_height0",0.004957987087118412,0.010787950801693173,0.006623041275191124,0.008794851830734939,0.005411171720511231,0.002339595651871106,0.0004110254833956247,0.0011716460174319885,-0.0002303059754908638,0.00020811335614059459,0.00029354912210623153,-0.0004802886084157344,0.0001237216963112043,-0.0006185572719732342,-0.0003142298505271809,-0.0003041646946668091,-0.0002599547726780466,-0.00023725362427936365,-0.00036100516175657685,-0.0004870978321527841,-0.0004016396322465544,-0.0002380191131007901,-9.853950913676515e-5,-0.00021709756035931052,-0.00018505778311442124,-7.408847244637899e-5,-0.00019867015557365579,-0.00026809952450012513
"antarctic_c",0.0019294769219088308,0.014558943152586355,0.007550485384099257,0.009909559758006463,0.006837511783947039,0.005728491754265494,0.0017820315500905748,0.0010047181212050895,-0.0015066008504926516,-0.0003776617613458386,-0.0004517813558657087,-0.0009869760728219608,-0.0003907389032111851,-0.0010846312101076457,-0.0009248457517916529,-0.0006450225761991984,-0.0005526060880206592,-0.0008237686676417156,-0.0006693257478770392,-0.0008426112693498743,-0.0009115727426720345,-0.0007452508996945371,-0.0006097291863594841,-0.0006910895284265204,-0.0005573529337814635,-0.0006271043741170498,-0.0006345564078231488,-0.0006471973891053004
"antarctic_bed_height0",0.013774617609918811,0.022070262150474463,0.007323165713614986,0.014865589218404543,0.006823853051408316,0.006540834494674368,0.003702406067869171,0.0021501291915909664,0.0009558771701106174,0.001248698441603869,0.0005459546984320513,-0.00020091752920424876,0.0002896535602670954,0.00025097172638260896,-1.654235190713667e-5,-0.00013616163967470826,9.887672946710877e-5,0.00020235710615408914,5.821061499846969e-5,-7.270501750477967e-5,-0.00023675631465844033,-0.00019790032945359674,1.138248317288145e-5,3.589295968971637e-5,0.0002625792592526799,0.0003465816204110803,0.0001294005205089959,0.000251891919562356
"antarctic_slope",0.3028358231108981,0.30239279196117574,0.2683699231701251,0.21672277795985773,0.14200606186285317,0.08837369208030589,0.05485746179561333,0.03589159231473586,0.02617704399872955,0.02033842114638313,0.016991547509242706,0.012567543350459467,0.011265541491473154,0.009902355103578704,0.00920567390598262,0.00881946634424022,0.007819568073331864,0.007200069745888431,0.006869494857911439,0.006244630140903629,0.006026556860116803,0.005918940453435394,0.005808153661333758,0.00576690521398847,0.005616569881932421,0.00570253559205771,0.005374744723952785,0.005445291671991392
"antarctic_lambda",-0.0052820500837834905,0.005230689200865837,-0.0030575966853154724,0.004195814835020642,-0.00036498586393480186,0.0024454149648511663,0.0016694396276210562,0.0017217026917060532,0.0016291707225282908,0.0016261041449266386,0.0012116871336769045,0.00018653418525598866,0.0007916599398523684,0.001308436332592172,0.0012204759127684439,0.0015344230024586481,0.0015046131864502592,0.0012066560624702707,0.0011283830018373067,0.0011163930623144117,0.0012065401109788896,0.0010373331507673063,0.0011982044169040642,0.0014713040007568888,0.0013965687449998473,0.0013770733770023308,0.0013214201702785489,0.0015906048176783853
"antarctic_temp_threshold",7.381821552762783e-5,0.0062994183479593525,-0.003314829813441826,0.007973139979554905,0.00893118817536085,0.011179083070716876,0.007710730806050846,0.007104812740752226,0.006199852917925299,0.004354163880192263,0.003896492709721662,0.0023570237697071875,0.0027789473788799542,0.0021257985375981035,0.002407185435087067,0.0013101579124649286,0.0017278970827472792,0.0014491572706971704,0.0011118053295490155,0.00106693903457332,0.0009645041633360504,0.0011028542305574333,0.0007576727434897511,0.001149259249377297,0.0007704506721714551,0.0009240646120092879,0.0009045429244791481,0.0009149689862721108
"lw_random_sample",0.002737711683517691,0.012868883261855554,0.010148170439684126,0.014073410603744504,0.006967392179267004,0.008429087217327217,0.004144839766391097,0.004400126696571508,0.0020819503435024027,0.002659903533071086,0.0028822408152205667,0.0013460457501891698,0.0014955722066082072,0.0012586029501910844,0.0013338664502842393,0.0011881899865045175,0.0011667690012717757,0.0009738548978218856,0.0009500445081473872,0.0010095415218977924,0.001215013661264703,0.0007519306583823043,0.0008472803510509221,0.0008717228989005403,0.0009020022294703902,0.0010156083245321198,0.0011132749425651677,0.0009891091559461917
