"parameter","gamma_g","t_peak","gamma_d","sd_temp","sd_ocean_heat","sd_glaciers","sd_greenland","sd_antarctic","sd_gmsl","rho_temperature","rho_ocean_heat","rho_glaciers","rho_greenland","rho_antarctic","rho_gmsl","CO2_0","N2O_0","temperature_0","ocean_heat_0","thermal_s0","greenland_v0","glaciers_v0","glaciers_s0","antarctic_s0","Q10","CO2_fertilization","CO2_diffusivity","heat_diffusivity","rf_scale_aerosol","climate_sensitivity","thermal_alpha","greenland_a","greenland_b","greenland_alpha","greenland_beta","glaciers_beta0","glaciers_n","anto_alpha","anto_beta","antarctic_gamma","antarctic_alpha","antarctic_mu","antarctic_nu","antarctic_precip0","antarctic_kappa","antarctic_flow0","antarctic_runoff_height0","antarctic_c","antarctic_bed_height0","antarctic_slope","antarctic_lambda","antarctic_temp_threshold","lw_random_sample"
"gamma_g",0.0,0.01252661882961633,0.012102080576889784,0.012183174028241582,0.012151905215193977,0.012199248600069084,0.01209786015474684,0.012120187003724841,0.01210567976494897,0.01211979415025172,0.012124723077798816,0.012161595144341756,0.012116294146960095,0.012090495693492659,0.012153309250564326,0.012108575035824937,0.012115870083647033,0.012129595557273358,0.01212030610121504,0.012097526919492984,0.01214870292999371,0.012094282850491946,0.012140194356017287,0.01212074627278036,0.012133110317915209,0.012189636781604665,0.012189311774203956,0.012211515577910326,0.012209436020552432,0.012235598813071747,0.012167380622285189,0.012193703740383468,0.012260569259039676,0.012206117747080473,0.012163691669501164,0.012192807979046672,0.01212793779820613,0.012131365235125544,0.012137238492156527,0.012089006842667671,0.012081777915866527,0.012126258189250349,0.012120697514357235,0.012330254187149682,0.012222393357306308,0.012324575751724447,0.012087008005036166,0.012162403326850774,0.012132703056294485,0.012239916166085302,0.012134181073898671,0.012161551070121603,0.01218116192781368
"t_peak",0.0,0.0,0.0035831442750678894,0.0036264473174693742,0.0035978651279042167,0.003635676701746791,0.0035718707351036602,0.0035689287367399974,0.0035309361486397916,0.0035707238863490324,0.0035971447568132965,0.0035914535001156296,0.0035541145235439505,0.0035526649182331844,0.00356710002350613,0.003578020648684213,0.003594961950061551,0.003579286223767315,0.003590277393980291,0.003536176765356275,0.003570366727476022,0.0035562511647044878,0.003603332011027718,0.0036017139519900305,0.00359409841830246,0.003613004069683109,0.0036197467035245794,0.0036087271276168034,0.0035931249752691533,0.003608160893769737,0.003623842215584909,0.0036019611443297446,0.003648501101840666,0.0035878619466459187,0.003599154825406189,0.0036165165706675733,0.0036133513766440123,0.003566474997477613,0.003538101389281778,0.003575550955077524,0.0035646871395220215,0.003561495042362724,0.0035680093045465655,0.0036754312759154717,0.0036374341815918047,0.0036217353364766344,0.003555221653610241,0.0035979730804909025,0.0035671634767335137,0.003584998249803382,0.0036181396754838896,0.003597649101616837,0.0035938174102059265
"gamma_d",0.0,0.0,0.0,0.0012295947113087787,0.0012139788372759113,0.001234677739610196,0.0012050317903128866,0.0012093528841584321,0.0011965447110077558,0.0012088288318358163,0.0012177998408634835,0.0012062034865010555,0.0012038850483642026,0.0012022187128096686,0.0012243344159037525,0.0012100591444520077,0.001216249817163379,0.001225536090575929,0.001219847521137541,0.0012022917669374299,0.001204087473072395,0.0012088468965009487,0.001222859976375232,0.0012206790017371665,0.0012075789056165704,0.0012231784032715614,0.0012237439632576713,0.0012349818731980564,0.0012082835865445693,0.0011944859851221634,0.0012268430205459606,0.0012158986795609982,0.0012287662992997474,0.0012248786963866348,0.0012203724063188004,0.0012246432250402942,0.0012218640646958529,0.0012062030983354427,0.0011963141848336544,0.0011968028449752736,0.0012099642647399452,0.0011994872647293512,0.0012107013381060447,0.001207854687128188,0.001227567794101637,0.0012357154245317456,0.0012003459688159873,0.001217057280629722,0.0012131336780363783,0.0012001802682890038,0.0012201162529923118,0.001204914332871404,0.0012104702173399413
"sd_temp",0.0,0.0,0.0,0.0,0.0016471267671345359,0.001672661107190117,0.0016149726905669026,0.001616265694087135,0.001591544707818136,0.0016221298589263536,0.0016286126759044758,0.001644152382870163,0.0016106584412683106,0.0016006775604368872,0.0016417506285857076,0.0016265514877440899,0.0016450878060311777,0.0016425285593981234,0.0016524999009558496,0.0015933637681574452,0.0016156129523030235,0.0016079785683488655,0.0016534962308488276,0.0016464266052424574,0.001624771561916869,0.001651463971350982,0.0016676723882654825,0.0016649994697302715,0.0016513221114830342,0.0016287716802914293,0.0016592593403212037,0.0016236779231242641,0.0016775939879255701,0.0016288093495329106,0.0016415550602744884,0.0016598035870011498,0.0016456290194601774,0.0016172944056853855,0.0016147696675234981,0.001613176816049157,0.001610404483071188,0.0016014542111979443,0.0016247118481932542,0.0016594438043368634,0.001663391973404763,0.001639604519606156,0.001602820853802023,0.0016569165954899668,0.0016231086615352685,0.0015759819729836086,0.0016444293504980735,0.001632602087086447,0.0016307817748846755
"sd_ocean_heat",0.0,0.0,0.0,0.0,0.0,0.001473892111184431,0.0014494506540502017,0.0014413104768790717,0.0014359241756942793,0.001453456485431581,0.0014604519803811684,0.0014684552584904211,0.0014411443969107763,0.0014461872969011391,0.0014888274487623297,0.001455050840099236,0.0014579712571946761,0.0014640764740191678,0.0014641347189732134,0.0014363711828552065,0.0014544006523249527,0.0014534389146376803,0.0014724906484031319,0.0014604938693685038,0.0014646153910091828,0.0014674381931326977,0.0014815850091619938,0.00147017257825687,0.0014601116556101368,0.0014574011415253183,0.0014829297350924043,0.0014644939105911648,0.0014919737621330376,0.0014628410979889259,0.0014645046495732508,0.001478565895665359,0.0014717430820121947,0.0014554934763723604,0.0014461420195113735,0.0014504500874472906,0.0014409579266428042,0.0014404134956998108,0.0014589269849033795,0.0014643849616086451,0.0014814296588551855,0.0014557889878975855,0.0014573930919799553,0.0014742311586974906,0.0014521243421964085,0.0014254060343663175,0.0014580146640732075,0.0014701502195924678,0.0014619122689370546
"sd_glaciers",0.0,0.0,0.0,0.0,0.0,0.0,0.0016177313696633978,0.001622485913824241,0.0015987766947845072,0.001618511882888189,0.0016379531450091255,0.0016527101740175716,0.001611898704768164,0.0016071106218528137,0.0016303262866005231,0.001631047346153506,0.0016456637341300505,0.001639195445989652,0.0016511296032819367,0.001600659653668773,0.0016217889368079776,0.001611388078240874,0.0016534976122251832,0.0016464998377518554,0.0016355417887600225,0.001654531048689664,0.0016736391705761003,0.0016647987375598024,0.0016482267587230412,0.001641589248785073,0.0016590599027950673,0.0016357120931789278,0.0016847516198688361,0.001633561525112809,0.0016536187272917831,0.0016644122187317765,0.0016479431113827522,0.0016240744884432378,0.0016102148224771146,0.0016196897627677302,0.0016117688780230128,0.001613539600712331,0.0016339799795276075,0.0016504250757854058,0.0016704033501795902,0.0016593935000100179,0.0015964407951277208,0.0016516250684990618,0.0016229333501515029,0.0015924350702723792,0.0016487022750367218,0.0016318864968028334,0.0016326824113411377
"sd_greenland",0.0,0.0,0.0,0.0,0.0,0.0,0.0,0.0012594369554554015,0.001256471985705388,0.0012666575118542246,0.0012761740388064356,0.0012768167535385062,0.0012521589238026175,0.001255994730447654,0.001375096897323437,0.0012742933831866394,0.0012917620861551625,0.0012834711639459373,0.0012744402358321047,0.0012360457350267774,0.0012776250077495817,0.001261823068947312,0.0012884713212385165,0.0012781726494331634,0.0012773948621001923,0.0012803574162686274,0.00131357417212603,0.0013024254587652676,0.0012783558831903075,0.001291458539293146,0.0012909147001471995,0.0012842829119684232,0.0013224076036165414,0.0012910376888863701,0.0012856460897419058,0.0012894500352331512,0.001292304174420962,0.001269908715992594,0.001241769006918227,0.0012655680163370419,0.001256787410345423,0.00125886166566924,0.0012668604286537968,0.0012713879357359795,0.001305362881849962,0.0012982279457392429,0.0012522773700909548,0.0012853098951406408,0.0012786130979442405,0.001229708615351165,0.001283192540415967,0.0012689554367340497,0.0012791488882879765
"sd_antarctic",0.0,0.0,0.0,0.0,0.0,0.0,0.0,0.0,0.0011546803139123299,0.0011634191412171115,0.0011696780016465457,0.0011646384952373919,0.0011587547053870308,0.0011594186341308023,0.0011893341349260222,0.0011688438938376748,0.0011709532071855974,0.0011631945073962858,0.0011683944198323847,0.001144826020694347,0.001165798609876295,0.0011530020176398752,0.001179803293997663,0.0011665581703135383,0.0011669498242423354,0.0011754488304307142,0.001178115949161393,0.001181798694546889,0.0011610681208201815,0.001145548009533792,0.0011777218865951262,0.0011780179577222164,0.0011888016568526998,0.0011761680922095273,0.0011691801219249583,0.0011715287835450618,0.0011737269140971887,0.0011710477898465696,0.0011548054161274726,0.0011636099034628216,0.0011631036322301712,0.0011564720791634887,0.0011647747072913463,0.0011805504981262348,0.0011807612178127615,0.0011764889316473784,0.0011651204029142243,0.0011824108010190795,0.0011745005537916904,0.0011427446014625438,0.0011803549633779135,0.0011657650877350322,0.001160329456540601
"sd_gmsl",0.0,0.0,0.0,0.0,0.0,0.0,0.0,0.0,0.0,0.0010905937158168855,0.0011010539761437553,0.0010967451454885456,0.0010963074839001252,0.0010919560826562174,0.0011293112896652612,0.0010924076658658645,0.0010890185410801193,0.0010938236122205475,0.0010940693827988228,0.001093127254111634,0.001104931742337236,0.0010982268831830277,0.0010981334219644764,0.0010921473539214307,0.001101898853285754,0.00108328764459395,0.0011055700700522448,0.0010971661075938532,0.001086365079631344,0.0011064023813378556,0.0011051224921040975,0.001104364825387977,0.0010992555729352124,0.001102822690276455,0.0010947072518015114,0.001088130624825631,0.0011027593381666716,0.0010984069693352112,0.0010892759566701828,0.0011015627467467043,0.0010860081592228598,0.001096644054146043,0.0010976203552894234,0.0010756078676420484,0.0011023776868027098,0.0011038764842444303,0.0010935815586242917,0.001096327088902166,0.0011086082837803758,0.0010908196856889126,0.0010928516334415739,0.0011001379498710002,0.0011001397511377633
"rho_temperature",0.0,0.0,0.0,0.0,0.0,0.0,0.0,0.0,0.0,0.0,0.001227974711429881,0.0012308978592124311,0.00119664160385998,0.0011992528703800311,0.001221699692984484,0.0012132192265589122,0.0012359967292147212,0.0012301691206438484,0.0012386443113098038,0.001199996212578886,0.0012055532749073953,0.0012055964158974419,0.00124500704247347,0.0012300506056068328,0.0012174953314145994,0.0012360714700926404,0.0012570375566458224,0.0012537096202183968,0.0012255210648480894,0.0012033375089429664,0.0012570547464486137,0.001218726774091457,0.0012789029120594544,0.0012285044025393617,0.0012466168423353988,0.0012563977580419645,0.001246069969594857,0.0012169302803644326,0.0011969474007286344,0.001206195736457261,0.0012018585663347728,0.0012040754084458429,0.00121367337079631,0.0012266392398121956,0.0012645650732830533,0.0012376453764836822,0.0011935144715994445,0.0012406556722490694,0.001211315773199871,0.0011792465396564626,0.0012249373073058237,0.0012268361829706812,0.0012101292901849257
"rho_ocean_heat",0.0,0.0,0.0,0.0,0.0,0.0,0.0,0.0,0.0,0.0,0.0,0.0013926461232942723,0.001355176281695041,0.00135866341135736,0.0014308177222736597,0.0013663847241318656,0.0013710767151958359,0.0013824234237455688,0.0013842022313163697,0.0013441951263169015,0.0013692231504331353,0.0013718206100740756,0.001383540390376826,0.0013817016870668957,0.0013754478412032348,0.001371893682367591,0.001408368730882447,0.0013832857674351124,0.001363062779355207,0.00138062094591071,0.001394930677126925,0.001380111007077893,0.0013942571119330567,0.0013870214381620752,0.0013798926684570733,0.0013854981389277586,0.0013788996756134355,0.0013666358929804426,0.0013495592562540256,0.0013601062443561022,0.001354509284545905,0.001353697328832527,0.0013744139603675445,0.001369096528335852,0.001385138613088972,0.0014178146474930432,0.001342775161592456,0.0013836305723920563,0.0013762457372967654,0.0013365229505875056,0.0013727714140400098,0.001384973057906318,0.0013886743063711159
"rho_glaciers",0.0,0.0,0.0,0.0,0.0,0.0,0.0,0.0,0.0,0.0,0.0,0.0,0.0014371552790460732,0.0014428236531882558,0.0014882453924792134,0.001453381258520759,0.0014667839073940823,0.001469198319719443,0.0014719140793016902,0.001427829442354075,0.001451878453416452,0.001445568544809898,0.0014717411433653094,0.0014715538635462291,0.0014623431352969948,0.0014711789950282873,0.0014908565016343706,0.0014825389465610882,0.0014648607952735034,0.0014634667302477731,0.0014770860599992708,0.001452728109354358,0.0014967695650986426,0.0014660198081377657,0.0014724631287090363,0.001473442511858436,0.0014702243344196686,0.0014505772261437352,0.001443332326221613,0.0014554253070281084,0.0014415251438915457,0.0014463176424267799,0.0014568909836465448,0.0014639690432873848,0.0014835062031132668,0.0014779756170656957,0.0014338451781460003,0.0014732615927767828,0.0014587760025113732,0.0014214075759711952,0.0014672067916421403,0.0014574574475745162,0.0014582509437032808
"rho_greenland",0.0,0.0,0.0,0.0,0.0,0.0,0.0,0.0,0.0,0.0,0.0,0.0,0.0,0.0011937024616159512,0.0012062587931513332,0.001193376657822253,0.0012026074566233948,0.0012097427730768501,0.0012002736103156127,0.0011839930540719283,0.0011994640434064808,0.0011984228215507846,0.0011988651838983075,0.0012021478453914192,0.001196592707041564,0.0011985451617606774,0.0012129434015698648,0.001207666263163442,0.0011935740465269327,0.0011777550836421632,0.0012023657804786012,0.0011840960046626753,0.0012012850725967358,0.0012074609428675053,0.0012063721061511825,0.0011997337185508641,0.0012004397659044234,0.0012027551846793547,0.001190475274541329,0.0011774007178047615,0.001179003399770714,0.0011934780530271397,0.0012008353419770935,0.0012120985782021008,0.0012033362593638366,0.0012091776918585994,0.001178273042184638,0.0011959517995131326,0.001199104274461653,0.0011844879141404935,0.0011822536308123655,0.0011863560853161454,0.0011966201191074316
"rho_antarctic",0.0,0.0,0.0,0.0,0.0,0.0,0.0,0.0,0.0,0.0,0.0,0.0,0.0,0.0,0.0012080927146961092,0.0011164131696053804,0.0011082863090022055,0.0011084505209416641,0.0011100444590827648,0.0010968612516135301,0.00110398283548949,0.0010995062574844078,0.001115135700591838,0.0011092764649603783,0.0011182646901132765,0.0011146089495905876,0.001117633556150241,0.0011212990880474648,0.0010977037817526177,0.001121389018425825,0.0011154202386685138,0.0011274169591622618,0.001122885383805213,0.0011239752819276712,0.0011111700149105549,0.0011105360540379658,0.0011111609152394625,0.001114406852263652,0.0010899396901928602,0.001108764513071861,0.0010985173958394318,0.0011061429597732865,0.0011206438091074392,0.0010956549576591574,0.001112295395244267,0.0011112554434065977,0.0011284850250984529,0.001114729383972362,0.0011084893142901215,0.001091067941772099,0.0011083631413452894,0.001108178318668413,0.0011147581939875365
"rho_gmsl",0.0,0.0,0.0,0.0,0.0,0.0,0.0,0.0,0.0,0.0,0.0,0.0,0.0,0.0,0.0,0.0013144055479080497,0.0013064390644878133,0.00126889237214067,0.001319844925141535,0.0012378246649948233,0.0012558001181692342,0.0012574721602151705,0.0013118482600965632,0.0012826835045571011,0.0012936385405000056,0.0012970361163733711,0.001342380321819037,0.001319796123825098,0.0013061190153465308,0.0012909501104140405,0.0013370616523859504,0.0012905237636737677,0.0013714078534714262,0.001303244298416303,0.0013148198044735213,0.0013030964232492003,0.0013019434008883564,0.0012662751718426255,0.0012427799981403085,0.001292179409850464,0.0012533645965476037,0.0012593545391791166,0.0012760638726144872,0.001320185867285428,0.0013611331761730588,0.001334368102299992,0.0012331623807790137,0.001317771798521176,0.0012790902794406222,0.0012243475834445672,0.0013173176955982783,0.0012772937541025641,0.001274301732535714
"CO2_0",0.0,0.0,0.0,0.0,0.0,0.0,0.0,0.0,0.0,0.0,0.0,0.0,0.0,0.0,0.0,0.0,0.0013061368078608694,0.0013028684264502887,0.0012942463621656523,0.001286292709810497,0.0013023611808713135,0.0012913804940811369,0.001308570202510542,0.001307900333729638,0.0012956596272152864,0.0013046468225912334,0.0013119611057052889,0.0013086452365651876,0.0013018227715951814,0.001299922995757108,0.001307316284740516,0.0013097813724504551,0.0013206061738019357,0.001309143320610369,0.0013057790225908183,0.0013117275849563795,0.0013137117835596423,0.0013059703664350536,0.0012997924715093233,0.0012951119904096703,0.0012967700328776004,0.0012929334484708325,0.0012939662340080967,0.0012816062376182263,0.0013136072347800607,0.0013294236741899555,0.0012846353070030624,0.0013074165818669852,0.0012989770562780952,0.0012846543047240059,0.001306655979983253,0.001309543893892087,0.0013035829420360565
"N2O_0",0.0,0.0,0.0,0.0,0.0,0.0,0.0,0.0,0.0,0.0,0.0,0.0,0.0,0.0,0.0,0.0,0.0,0.001324892985130416,0.0013331021339274337,0.0012871052114409461,0.001324230404361598,0.00130295323366992,0.0013375271281705838,0.0013256898119196464,0.001331541625644243,0.0013364814328357265,0.0013575468286877864,0.001342627010102403,0.0013327113982115838,0.0013365401428547066,0.0013356528623864603,0.0013386701145579165,0.0013630710366412321,0.001334245300382889,0.0013329824219058734,0.0013348027660976289,0.001335022161202001,0.0013211136639209033,0.0013034801068219333,0.001313126359219859,0.0013136454293391716,0.0013031847513677957,0.0013201777116972268,0.001330836783213215,0.0013689086912512252,0.0013389162274065238,0.001310151051176311,0.0013440094269121599,0.0013278422081443924,0.0012999153771286493,0.0013358649060053619,0.001317935775700513,0.0013261662127616576
"temperature_0",0.0,0.0,0.0,0.0,0.0,0.0,0.0,0.0,0.0,0.0,0.0,0.0,0.0,0.0,0.0,0.0,0.0,0.0,0.0012968859994737848,0.0012701460157914341,0.0013000327569504479,0.0012860789737420412,0.0013177071856010144,0.00130459940560013,0.001302131792937463,0.0013180432424491526,0.001331152322085369,0.0013251134393518639,0.0012970264639906937,0.0012971219520159952,0.0013188213979200688,0.0013105185905124207,0.0013407773379493823,0.0013237297363756747,0.0013169879645792085,0.0013219065007517266,0.00131238216529527,0.0012971859388103872,0.0012825022591762122,0.0012893502257579144,0.0012826489563385213,0.0012893307419598427,0.001300817608646616,0.001309381413513393,0.0013263479917449456,0.0013373396756123145,0.001278005875784214,0.0013211815723939838,0.0012993192428016084,0.00126842639467611,0.0013122271021107506,0.0013013357149708681,0.0013078433301448697
"ocean_heat_0",0.0,0.0,0.0,0.0,0.0,0.0,0.0,0.0,0.0,0.0,0.0,0.0,0.0,0.0,0.0,0.0,0.0,0.0,0.0,0.0014181935052387238,0.0014420684081360602,0.0014189775117414663,0.0014618006150359335,0.0014644392277722048,0.0014365287910642149,0.0014601559995375962,0.0014889020591760224,0.001472985669155839,0.0014656444104447059,0.0014504545533018237,0.0014684961050769978,0.0014511880307092307,0.0014871256145698843,0.0014559502671187793,0.0014429922257569664,0.0014683690917481462,0.0014641032332595662,0.0014411093884273806,0.001443906806507027,0.0014365786884913908,0.0014266286862687717,0.0014140445326831761,0.0014303476757153676,0.0014636247759653505,0.0014729025927328842,0.0014624928308090439,0.0014100398480650113,0.0014662898341767717,0.0014342606660146995,0.001372169431960552,0.001465238003450636,0.0014717498368867277,0.0014485962087037593
"thermal_s0",0.0,0.0,0.0,0.0,0.0,0.0,0.0,0.0,0.0,0.0,0.0,0.0,0.0,0.0,0.0,0.0,0.0,0.0,0.0,0.0,0.0011779757181261184,0.0011914599257495109,0.0011964950655164873,0.00120618160548734,0.0011915532716463763,0.0011807099046081402,0.0011977727247057335,0.001192107046859607,0.0011866628824994388,0.0011829182366949083,0.0012026842229579404,0.001178823961839504,0.0011638740852492973,0.0011911837422112913,0.0011925456123928217,0.0011948768102271413,0.001195792749496376,0.0011932294450816068,0.0011833018474073594,0.0011804342737790207,0.001193567166468971,0.0011881921536560642,0.00120342851087402,0.0011690401949481038,0.0011736891109370615,0.0012227953519319942,0.0012066739503346748,0.0011965862890521604,0.0011880601486621602,0.0011682158713939453,0.0011863615199658216,0.0011885338531820698,0.001190585038906962
"greenland_v0",0.0,0.0,0.0,0.0,0.0,0.0,0.0,0.0,0.0,0.0,0.0,0.0,0.0,0.0,0.0,0.0,0.0,0.0,0.0,0.0,0.0,0.0012573922836650086,0.001268019186092856,0.001274059329343992,0.0012686485337935918,0.0012635737183954545,0.0012766904446571202,0.0012644443463454657,0.0012589337506063386,0.001266887175539873,0.0012832234427200848,0.0012553991473493171,0.0012744174201975357,0.0012607792751895578,0.0012698598953624423,0.0012705642136610486,0.001269891933628557,0.0012599993584143107,0.0012462287447271333,0.0012513095711037345,0.0012483165195047456,0.0012521454769455402,0.0012627621865002436,0.0012634301991210886,0.0012674945946058197,0.0012918530120133102,0.0012437820957039826,0.0012591838880929855,0.001259431627434655,0.0012305656764623593,0.0012520972774755087,0.00126555724816371,0.0012531502225668729
"glaciers_v0",0.0,0.0,0.0,0.0,0.0,0.0,0.0,0.0,0.0,0.0,0.0,0.0,0.0,0.0,0.0,0.0,0.0,0.0,0.0,0.0,0.0,0.0,0.001176799921340689,0.001169323719797267,0.0011777566748547444,0.0011743671301548085,0.0011971393663453905,0.0011820629533234386,0.0011620240047914322,0.0011813125702895,0.0011894730675488935,0.0011745028075276736,0.0012019846789420923,0.0011769231697257498,0.0011761576734345216,0.0011823478634899402,0.0011833904220668657,0.0011681129485881317,0.001160264493566318,0.0011705421301479153,0.0011525735395602923,0.001161434763973216,0.0011800974034404982,0.0011984313316881425,0.0011861046316141498,0.0011910421258236803,0.0011611610925248079,0.00118975741510038,0.0011708336599609427,0.0011617235876510495,0.001161928239895364,0.0011740456701342717,0.0011716211823591866
"glaciers_s0",0.0,0.0,0.0,0.0,0.0,0.0,0.0,0.0,0.0,0.0,0.0,0.0,0.0,0.0,0.0,0.0,0.0,0.0,0.0,0.0,0.0,0.0,0.0,0.0013875679018187017,0.001390099379648059,0.0014069646385814784,0.0014131577775584132,0.0014064821583920758,0.0013881356883896942,0.0013881908259998949,0.0014021747779337174,0.0013832625641377458,0.0014216169460406476,0.0013925131912658156,0.0014000032470166935,0.0014057868666142006,0.0014033234340413727,0.0013770461401381585,0.0013658019007719124,0.0013812590329338116,0.0013711999310582475,0.0013768395188017471,0.0013859388459306426,0.0014058936293616393,0.0014062134828649049,0.0014064860626356174,0.0013747986873904902,0.0014028111310446956,0.0013921057861308631,0.0013621612989679539,0.0013936605537268724,0.00138838255682772,0.0013822957149833128
"antarctic_s0",0.0,0.0,0.0,0.0,0.0,0.0,0.0,0.0,0.0,0.0,0.0,0.0,0.0,0.0,0.0,0.0,0.0,0.0,0.0,0.0,0.0,0.0,0.0,0.0,0.0012472730763103627,0.0012668889689161427,0.0012810109603101564,0.0012760679397070666,0.0012532186621549823,0.0012500346817656968,0.0012696634005477953,0.0012436466219773888,0.0012904031090237487,0.0012432373941449254,0.001262407437130162,0.0012725927099079596,0.0012625159004569864,0.0012410692599755572,0.001213303248677988,0.0012304973400618859,0.0012329610278967139,0.001230792813458188,0.0012489452597332902,0.0012760834652024934,0.0012710063182915514,0.001270910810416226,0.0012201455823802573,0.0012671449248603344,0.001240604616869244,0.00120667453532061,0.00125820519376512,0.0012406002467747362,0.0012431275802507258
"Q10",0.0,0.0,0.0,0.0,0.0,0.0,0.0,0.0,0.0,0.0,0.0,0.0,0.0,0.0,0.0,0.0,0.0,0.0,0.0,0.0,0.0,0.0,0.0,0.0,0.0,0.0016750081328839772,0.0016833510377135931,0.0016709837065214971,0.0016723128869026755,0.001660481316123585,0.0016775666913537062,0.0016674520952912686,0.0016619135374171133,0.0016926101135766888,0.0016673164521879558,0.001677080317795134,0.001676889107871538,0.0016750826703000306,0.001694861618973863,0.0016690270188669386,0.0016804767523964142,0.001665531288193426,0.0016710428116146897,0.0016850423712114933,0.0016719203130288283,0.001697494147270537,0.001668173938357812,0.001674534886510892,0.0016693763748567444,0.00164814910154415,0.0016744110392350427,0.0016838995478818588,0.0016729796892605278
"CO2_fertilization",0.0,0.0,0.0,0.0,0.0,0.0,0.0,0.0,0.0,0.0,0.0,0.0,0.0,0.0,0.0,0.0,0.0,0.0,0.0,0.0,0.0,0.0,0.0,0.0,0.0,0.0,0.0019485355417468834,0.0019499569094252557,0.0019472903560847708,0.0019421673446242229,0.001947033875538455,0.0019379255744288023,0.0019417375978540994,0.0019460848790305543,0.0019434389651197942,0.001943230658576981,0.0019430505207486464,0.0019408860092767417,0.0019432250702619755,0.0019367800702286926,0.0019324044278896796,0.0019307688026243234,0.0019467058672101025,0.0019407536830424075,0.001948624648989241,0.0019528372852737881,0.0019433099160257774,0.0019539838292151196,0.001942539359140117,0.00196813944384982,0.0019447062685952747,0.0019416175251282977,0.0019468524365634625
"CO2_diffusivity",0.0,0.0,0.0,0.0,0.0,0.0,0.0,0.0,0.0,0.0,0.0,0.0,0.0,0.0,0.0,0.0,0.0,0.0,0.0,0.0,0.0,0.0,0.0,0.0,0.0,0.0,0.0,0.0019436031369793473,0.0019339608849802785,0.0019380214878596,0.0019437960576650084,0.0019235153465970683,0.0019537664425256563,0.0019287135753552561,0.0019345249477679637,0.0019428340466786363,0.001933648357164953,0.0019176726613392603,0.0019062782931807166,0.001920932240626814,0.0019088123964791602,0.0019102886405701347,0.0019271196428348354,0.001942160554855008,0.001949199405183565,0.0019280730325851073,0.0019143239744816621,0.001940833507011109,0.0019268626538339827,0.0019135729940578565,0.0019317511055827648,0.0019117577998633776,0.0019307338198687875
"heat_diffusivity",0.0,0.0,0.0,0.0,0.0,0.0,0.0,0.0,0.0,0.0,0.0,0.0,0.0,0.0,0.0,0.0,0.0,0.0,0.0,0.0,0.0,0.0,0.0,0.0,0.0,0.0,0.0,0.0,0.0017622936914115316,0.0017466622020431602,0.0017788158302922132,0.001751553150131407,0.0018183267734793633,0.001749505292635497,0.001774423888307085,0.0017873838689736765,0.001766150862568104,0.0017354837439195452,0.0017114784628988566,0.0017359042381072136,0.0017330135333422302,0.0017260921400502986,0.00174883701740954,0.0017798153694119742,0.001791864710085217,0.001776173396857295,0.0017319707776008964,0.0017737948850472917,0.0017444015744769636,0.0017185260244908477,0.001766655148322806,0.001728242555447991,0.0017498547507026718
"rf_scale_aerosol",0.0,0.0,0.0,0.0,0.0,0.0,0.0,0.0,0.0,0.0,0.0,0.0,0.0,0.0,0.0,0.0,0.0,0.0,0.0,0.0,0.0,0.0,0.0,0.0,0.0,0.0,0.0,0.0,0.0,0.001744193683690844,0.0017534931045640962,0.0017413809383501377,0.0017637841279866146,0.0017341991717957836,0.0017395140859118633,0.0017463790446455574,0.0017465935236083213,0.0017290484404784848,0.0017178772956694766,0.0017265423736909666,0.0017247983927253482,0.0017232487627621643,0.0017280584956334342,0.0017438034157200614,0.0017528269221962162,0.0017635241101052088,0.0017086194290518867,0.0017456439071911205,0.0017400206743308098,0.0016978210715398367,0.001739022872014481,0.0017495747208810418,0.0017318444910180868
"climate_sensitivity",0.0,0.0,0.0,0.0,0.0,0.0,0.0,0.0,0.0,0.0,0.0,0.0,0.0,0.0,0.0,0.0,0.0,0.0,0.0,0.0,0.0,0.0,0.0,0.0,0.0,0.0,0.0,0.0,0.0,0.0,0.003922181716544152,0.003932749834027163,0.003912619769044504,0.0039323899136939,0.0039145782466883244,0.003914693210787599,0.003923247098243834,0.003916773808611792,0.003923687475344802,0.003915944897278451,0.003918602305464074,0.00391466564796953,0.003916540530832501,0.003951354083911428,0.003936082791529374,0.003966090744794923,0.003914334249170565,0.00390755413304602,0.003932270538048254,0.003940364159284,0.0039110238455243316,0.003936646587032644,0.003919292391578484
"thermal_alpha",0.0,0.0,0.0,0.0,0.0,0.0,0.0,0.0,0.0,0.0,0.0,0.0,0.0,0.0,0.0,0.0,0.0,0.0,0.0,0.0,0.0,0.0,0.0,0.0,0.0,0.0,0.0,0.0,0.0,0.0,0.0,0.0016261473141742885,0.0016876066946062763,0.0016217219111103677,0.0016329526057689515,0.0016506023952576176,0.0016372625210453048,0.0016091486066970489,0.0015842220610155905,0.0016030572067833708,0.0015928483271418071,0.0015872121476819593,0.0016084784036891862,0.0016423135736036802,0.0016728751778950406,0.0016350666682461044,0.001589836452953403,0.0016405898650214148,0.0016099167921478866,0.0015663238613635429,0.0016414730810221509,0.0016124111834448962,0.0016137510036672116
"greenland_a",0.0,0.0,0.0,0.0,0.0,0.0,0.0,0.0,0.0,0.0,0.0,0.0,0.0,0.0,0.0,0.0,0.0,0.0,0.0,0.0,0.0,0.0,0.0,0.0,0.0,0.0,0.0,0.0,0.0,0.0,0.0,0.0,0.002787707798381702,0.0027548600659137138,0.0027651398055068763,0.0027761766526990246,0.0027591114240716657,0.0027733112169455753,0.0027478343263523256,0.0027594715025554663,0.002750643100550902,0.002758056876580767,0.0027644896507323315,0.0028473734029643965,0.002835114539565923,0.00276445251593463,0.002748953377351295,0.0027486961105783634,0.0027713448366716983,0.0027716183227573785,0.002779240065660892,0.0027736280585370175,0.00274606114267711
"greenland_b",0.0,0.0,0.0,0.0,0.0,0.0,0.0,0.0,0.0,0.0,0.0,0.0,0.0,0.0,0.0,0.0,0.0,0.0,0.0,0.0,0.0,0.0,0.0,0.0,0.0,0.0,0.0,0.0,0.0,0.0,0.0,0.0,0.0,0.002036193618665621,0.002052181409860934,0.002054710891261717,0.0020497888906356463,0.0020212849450181964,0.002003008058074157,0.0020200543165032566,0.0020239735459999337,0.0020143615265175332,0.0020341335813649506,0.002054029957993036,0.0020553592034977834,0.0020647138606139535,0.0020044568555393468,0.0020504802261598824,0.0020270495044120594,0.0020020764882107333,0.0020466445435404703,0.0020279814055551293,0.0020328961167267383
"greenland_alpha",0.0,0.0,0.0,0.0,0.0,0.0,0.0,0.0,0.0,0.0,0.0,0.0,0.0,0.0,0.0,0.0,0.0,0.0,0.0,0.0,0.0,0.0,0.0,0.0,0.0,0.0,0.0,0.0,0.0,0.0,0.0,0.0,0.0,0.0,0.0023771666808465857,0.00238858899208946,0.00238236667165184,0.002369189658531821,0.0023691749021811323,0.0023706404180268456,0.0023599716758902468,0.0023608802988869197,0.0023804043465994414,0.00239007655188598,0.002380504461314756,0.0024066720758387362,0.002356351081019803,0.0023856888397692975,0.0023697040228210097,0.002356121700999883,0.002372404929363166,0.002368254371927392,0.0023751001434056222
"greenland_beta",0.0,0.0,0.0,0.0,0.0,0.0,0.0,0.0,0.0,0.0,0.0,0.0,0.0,0.0,0.0,0.0,0.0,0.0,0.0,0.0,0.0,0.0,0.0,0.0,0.0,0.0,0.0,0.0,0.0,0.0,0.0,0.0,0.0,0.0,0.0,0.0015472424871566031,0.001523372838969815,0.0014999182728065057,0.0014865292083822584,0.0014974941897650039,0.001486646892913794,0.001493586070981365,0.0015106222263485214,0.0015387910018361411,0.0015481289758336157,0.0015220199905237434,0.0015076139651551345,0.0015274512664748435,0.0015224521574605978,0.0014913414877195475,0.001522696232971819,0.0015119525405657174,0.001520310164682827
"glaciers_beta0",0.0,0.0,0.0,0.0,0.0,0.0,0.0,0.0,0.0,0.0,0.0,0.0,0.0,0.0,0.0,0.0,0.0,0.0,0.0,0.0,0.0,0.0,0.0,0.0,0.0,0.0,0.0,0.0,0.0,0.0,0.0,0.0,0.0,0.0,0.0,0.0,0.001536342419932752,0.00150364307397316,0.0014728789369523707,0.0014999602066303888,0.001494007093432448,0.0014985688429812786,0.0015136078119858038,0.0015424357595427828,0.0015573787900464617,0.0015526015120709558,0.0014883005686895617,0.001534301185916746,0.0015088376331430992,0.0014803194084427498,0.0015296555311542003,0.0015112793749829365,0.0015149171109656836
"glaciers_n",0.0,0.0,0.0,0.0,0.0,0.0,0.0,0.0,0.0,0.0,0.0,0.0,0.0,0.0,0.0,0.0,0.0,0.0,0.0,0.0,0.0,0.0,0.0,0.0,0.0,0.0,0.0,0.0,0.0,0.0,0.0,0.0,0.0,0.0,0.0,0.0,0.0,0.0013150417433125843,0.0013062466746043228,0.001316370427432318,0.0013193803510075262,0.001308831532651082,0.0013259785971209608,0.0013373900110910566,0.0013634550029915126,0.0013457635645272544,0.0013056249500318262,0.0013491418046841649,0.0013283573644183343,0.001300447059258666,0.0013338625364096933,0.0013208853983790031,0.001325996936262188
"anto_alpha",0.0,0.0,0.0,0.0,0.0,0.0,0.0,0.0,0.0,0.0,0.0,0.0,0.0,0.0,0.0,0.0,0.0,0.0,0.0,0.0,0.0,0.0,0.0,0.0,0.0,0.0,0.0,0.0,0.0,0.0,0.0,0.0,0.0,0.0,0.0,0.0,0.0,0.0,0.0012658786995893621,0.0012620978322917219,0.0012716816559955842,0.0012583298726607807,0.0012781104660761356,0.0012970004618272596,0.001284953640147305,0.001305575858306386,0.0012507616962046954,0.0012816677712037398,0.0012769567522283578,0.001255386339352673,0.001271579446166868,0.0012756385930084487,0.0012797652805684903
"anto_beta",0.0,0.0,0.0,0.0,0.0,0.0,0.0,0.0,0.0,0.0,0.0,0.0,0.0,0.0,0.0,0.0,0.0,0.0,0.0,0.0,0.0,0.0,0.0,0.0,0.0,0.0,0.0,0.0,0.0,0.0,0.0,0.0,0.0,0.0,0.0,0.0,0.0,0.0,0.0,0.0015541690022328322,0.0015511001031190761,0.0015615063568286754,0.0015733119724009152,0.0015427294714007323,0.0015739604029755664,0.0015598068191002834,0.0015564258124824508,0.0015721857277264928,0.0015711713430296072,0.0015890867160084305,0.0015519031212441147,0.00157401367771816,0.001564796050240527
"antarctic_gamma",0.0,0.0,0.0,0.0,0.0,0.0,0.0,0.0,0.0,0.0,0.0,0.0,0.0,0.0,0.0,0.0,0.0,0.0,0.0,0.0,0.0,0.0,0.0,0.0,0.0,0.0,0.0,0.0,0.0,0.0,0.0,0.0,0.0,0.0,0.0,0.0,0.0,0.0,0.0,0.0,0.0011466334152068095,0.001144118208801933,0.0011523851015008669,0.0011805849936020985,0.0011822370500403898,0.001162173766374724,0.0011351966880766532,0.001169239019407811,0.0011630981493331374,0.0011502751845916387,0.001160888932710994,0.0011477159715081653,0.0011551523182053043
"antarctic_alpha",0.0,0.0,0.0,0.0,0.0,0.0,0.0,0.0,0.0,0.0,0.0,0.0,0.0,0.0,0.0,0.0,0.0,0.0,0.0,0.0,0.0,0.0,0.0,0.0,0.0,0.0,0.0,0.0,0.0,0.0,0.0,0.0,0.0,0.0,0.0,0.0,0.0,0.0,0.0,0.0,0.0,0.0015543278756803497,0.0015633944130876952,0.0015684620807783723,0.001596728558558379,0.0015752485440363713,0.0015566357400357306,0.001580996545471697,0.001566706533038973,0.0015642233011936928,0.0015698301105702764,0.0015586672478253175,0.00156197962319136
"antarctic_mu",0.0,0.0,0.0,0.0,0.0,0.0,0.0,0.0,0.0,0.0,0.0,0.0,0.0,0.0,0.0,0.0,0.0,0.0,0.0,0.0,0.0,0.0,0.0,0.0,0.0,0.0,0.0,0.0,0.0,0.0,0.0,0.0,0.0,0.0,0.0,0.0,0.0,0.0,0.0,0.0,0.0,0.0,0.0013971535202825277,0.0014140026920827513,0.001418201755790517,0.0014090315829090284,0.0013852925030495718,0.0014146238867085304,0.0014045848588644134,0.0013813834121044627,0.0014081086604913655,0.0013926285243060176,0.0013950693300622222
"antarctic_nu",0.0,0.0,0.0,0.0,0.0,0.0,0.0,0.0,0.0,0.0,0.0,0.0,0.0,0.0,0.0,0.0,0.0,0.0,0.0,0.0,0.0,0.0,0.0,0.0,0.0,0.0,0.0,0.0,0.0,0.0,0.0,0.0,0.0,0.0,0.0,0.0,0.0,0.0,0.0,0.0,0.0,0.0,0.0,0.0012345705793584281,0.0012594784187489935,0.0012269285051781209,0.0012053780493412917,0.001239352707365028,0.0012052524702671754,0.0011596185432760065,0.0012285036439209117,0.0012324356644013632,0.0012205297183667306
"antarctic_precip0",0.0,0.0,0.0,0.0,0.0,0.0,0.0,0.0,0.0,0.0,0.0,0.0,0.0,0.0,0.0,0.0,0.0,0.0,0.0,0.0,0.0,0.0,0.0,0.0,0.0,0.0,0.0,0.0,0.0,0.0,0.0,0.0,0.0,0.0,0.0,0.0,0.0,0.0,0.0,0.0,0.0,0.0,0.0,0.0,0.005141672755688401,0.005115686844889826,0.005098446384544455,0.005088260586848257,0.005100450432334375,0.005178412497062904,0.005102010350195235,0.005096438520769386,0.005113317240321735
"antarctic_kappa",0.0,0.0,0.0,0.0,0.0,0.0,0.0,0.0,0.0,0.0,0.0,0.0,0.0,0.0,0.0,0.0,0.0,0.0,0.0,0.0,0.0,0.0,0.0,0.0,0.0,0.0,0.0,0.0,0.0,0.0,0.0,0.0,0.0,0.0,0.0,0.0,0.0,0.0,0.0,0.0,0.0,0.0,0.0,0.0,0.0,0.0033517817574159952,0.0033148436801394964,0.0033342558981111037,0.0033264314169166817,0.0033095107786056664,0.0033342430459765513,0.0033162520877113573,0.003326057746466232
"antarctic_flow0",0.0,0.0,0.0,0.0,0.0,0.0,0.0,0.0,0.0,0.0,0.0,0.0,0.0,0.0,0.0,0.0,0.0,0.0,0.0,0.0,0.0,0.0,0.0,0.0,0.0,0.0,0.0,0.0,0.0,0.0,0.0,0.0,0.0,0.0,0.0,0.0,0.0,0.0,0.0,0.0,0.0,0.0,0.0,0.0,0.0,0.0,0.0035363737956050608,0.003555204845644115,0.003540877554992502,0.00356725979837307,0.0035489136466306057,0.0035701677593308525,0.0035499987728836316
"antarctic_runoff_height0",0.0,0.0,0.0,0.0,0.0,0.0,0.0,0.0,0.0,0.0,0.0,0.0,0.0,0.0,0.0,0.0,0.0,0.0,0.0,0.0,0.0,0.0,0.0,0.0,0.0,0.0,0.0,0.0,0.0,0.0,0.0,0.0,0.0,0.0,0.0,0.0,0.0,0.0,0.0,0.0,0.0,0.0,0.0,0.0,0.0,0.0,0.0,0.0020962571601707385,0.0019865265729246636,0.0019693422661609104,0.001981443566217219,0.001979819974261709,0.001985896211984701
"antarctic_c",0.0,0.0,0.0,0.0,0.0,0.0,0.0,0.0,0.0,0.0,0.0,0.0,0.0,0.0,0.0,0.0,0.0,0.0,0.0,0.0,0.0,0.0,0.0,0.0,0.0,0.0,0.0,0.0,0.0,0.0,0.0,0.0,0.0,0.0,0.0,0.0,0.0,0.0,0.0,0.0,0.0,0.0,0.0,0.0,0.0,0.0,0.0,0.0,0.00207245561877405,0.0020753719828589465,0.0020670146735384857,0.0020500367744210727,0.0020717296831589205
"antarctic_bed_height0",0.0,0.0,0.0,0.0,0.0,0.0,0.0,0.0,0.0,0.0,0.0,0.0,0.0,0.0,0.0,0.0,0.0,0.0,0.0,0.0,0.0,0.0,0.0,0.0,0.0,0.0,0.0,0.0,0.0,0.0,0.0,0.0,0.0,0.0,0.0,0.0,0.0,0.0,0.0,0.0,0.0,0.0,0.0,0.0,0.0,0.0,0.0,0.0,0.0,0.001766882561455573,0.0017522806498353285,0.0017621033192530783,0.0017476740214041025
"antarctic_slope",0.0,0.0,0.0,0.0,0.0,0.0,0.0,0.0,0.0,0.0,0.0,0.0,0.0,0.0,0.0,0.0,0.0,0.0,0.0,0.0,0.0,0.0,0.0,0.0,0.0,0.0,0.0,0.0,0.0,0.0,0.0,0.0,0.0,0.0,0.0,0.0,0.0,0.0,0.0,0.0,0.0,0.0,0.0,0.0,0.0,0.0,0.0,0.0,0.0,0.0,0.005537426011181476,0.0055736301822054,0.005537737963437327
"antarctic_lambda",0.0,0.0,0.0,0.0,0.0,0.0,0.0,0.0,0.0,0.0,0.0,0.0,0.0,0.0,0.0,0.0,0.0,0.0,0.0,0.0,0.0,0.0,0.0,0.0,0.0,0.0,0.0,0.0,0.0,0.0,0.0,0.0,0.0,0.0,0.0,0.0,0.0,0.0,0.0,0.0,0.0,0.0,0.0,0.0,0.0,0.0,0.0,0.0,0.0,0.0,0.0,0.0020931152769150096,0.0020813981587545116
"antarctic_temp_threshold",0.0,0.0,0.0,0.0,0.0,0.0,0.0,0.0,0.0,0.0,0.0,0.0,0.0,0.0,0.0,0.0,0.0,0.0,0.0,0.0,0.0,0.0,0.0,0.0,0.0,0.0,0.0,0.0,0.0,0.0,0.0,0.0,0.0,0.0,0.0,0.0,0.0,0.0,0.0,0.0,0.0,0.0,0.0,0.0,0.0,0.0,0.0,0.0,0.0,0.0,0.0,0.0,0.00235688727860037
"lw_random_sample",0.0,0.0,0.0,0.0,0.0,0.0,0.0,0.0,0.0,0.0,0.0,0.0,0.0,0.0,0.0,0.0,0.0,0.0,0.0,0.0,0.0,0.0,0.0,0.0,0.0,0.0,0.0,0.0,0.0,0.0,0.0,0.0,0.0,0.0,0.0,0.0,0.0,0.0,0.0,0.0,0.0,0.0,0.0,0.0,0.0,0.0,0.0,0.0,0.0,0.0,0.0,0.0,0.0
