time,co2_emissions,radiative_forcing,temperature,sea_level_rise,slr_antartic_icesheet,slr_glaciers_small_ice_caps,slr_greeland_icesheet,slr_landwater_storage,slr_thermal_expansion
2010,31.399705321427348,0.40101209999999976,0.0,-0.0138,0.0,-0.0138,0.0,0.0,0.0
2011,32.123644877066,0.6976917394644582,0.07655876955079544,-0.01182311070389584,0.0010739689819021514,-0.013598954877731398,-4.8600000000398325e-5,0.0,0.0007504751919338042
2012,32.84758443270465,0.9494556272768742,0.1510424899923729,-0.009361464430035068,0.0022602123343549163,-0.013295430632830276,-0.00011440284208763529,0.0,0.0017881567105279275
2013,33.5715239883433,1.16059499559151,0.22367243842907586,-0.006608668926398076,0.0034503435210968547,-0.012892385558930446,-0.00018460264485753441,0.0,0.00301797575629305
2014,34.29546354398195,1.3316737832282888,0.29262865303680424,-0.003629213189826487,0.004643012591086015,-0.012392539986833482,-0.0002473700424889813,0.0,0.004367684248409961
2015,35.019403099620604,1.4930446607292833,0.3586777205844313,-0.0004574119098154604,0.005837759199097459,-0.011801099287447455,-0.0002923736593496429,0.0,0.005798301837884179
2016,35.78201957077572,1.6643111465370644,0.4241935258857101,0.002911790825598416,0.00703433984992885,-0.011122280556460142,-0.00031058789272364606,0.0,0.007310319424853354
2017,36.54463604193083,1.8407893691794324,0.4903815432443349,0.006496641898265347,0.008232815410475047,-0.010357168691148362,-0.0002927879450655979,0.0,0.00891378312400426
2018,37.30725251308594,2.018111231362665,0.557454934559536,0.010309815310233655,0.009433355122965281,-0.00950529007696643,-0.00022906546587808663,0.0,0.01061081573011289
2019,38.069868984241054,2.1966485959888207,0.6254882190818518,0.014665502857293412,0.010636092453930712,-0.008565943780323475,-0.00010903679682794376,0.0003042619937608595,0.012400128986753259
2020,38.83248545539615,2.4267474449456303,0.6991705261249187,0.01927707405535621,0.011843313423074875,-0.007538389581847525,7.813619951058115e-5,0.0005781857613011552,0.014315828253317125
2021,39.621303102183596,2.682688028432843,0.7800069228712264,0.02415142326633323,0.01305309648650177,-0.006415750266671409,0.0003494167120230429,0.00076159449376491,0.016403065840714916
2022,40.41012074897104,2.897837478295304,0.8624712138912621,0.02958981478210868,0.014265628586653256,-0.005189290722958802,0.0007265798002729085,0.0011492015173878258,0.01863769560075349
2023,41.19893839575848,3.084656583254352,0.9431090335130865,0.035106536526150894,0.015483125691219346,-0.003857708166726293,0.001226386753082842,0.0012915309228675597,0.020963201325707437
2024,41.987756042545925,3.2439541525038074,1.0199207514752033,0.04115509858691815,0.016702154441651573,-0.0024243270781694184,0.001860352215824257,0.0016777092052059248,0.023339209802405808
2025,42.77657368933337,3.3740876879618718,1.0913465077882862,0.04719533521244534,0.017925926478567056,-0.0008951282903627324,0.0026351268217448265,0.0017994474052608295,0.025729962797235363
2026,43.58054117132891,3.5025720049251348,1.1587575681795976,0.05350360217752844,0.019150556714962685,0.0007218755752790784,0.0035521456449538746,0.0019569994469330007,0.028122024795399807
2027,44.38450865332445,3.6470591317517993,1.2250134658875997,0.06043918579467622,0.020377976293209477,0.0024204933174500395,0.004613343261639535,0.0024937470193650644,0.030533625903012104
2028,45.188476135319995,3.801102032782775,1.291608426701929,0.06755598819385016,0.02161076182294841,0.004198259487330864,0.005825622275323461,0.0029341641515878095,0.032987180456659604
2029,45.99244361731554,3.959296122550387,1.3589221308197852,0.07491379731209749,0.02284578427527051,0.006054611492028844,0.007199098626339939,0.003320796674606253,0.03549350624385196
2030,46.796411099311086,4.122384848989361,1.4272251238049616,0.08248741677465796,0.024083510026717825,0.007989422895478457,0.008744993305326076,0.0036110163831699635,0.03805847416396563
2031,47.60571291877599,4.341192113563343,1.5014352523948498,0.09078869939501712,0.02532380691197833,0.010002853237311031,0.01047554302820064,0.004263371032329854,0.040723125185197266
2032,48.4150147382409,4.587041540089729,1.5829811933421056,0.09916625339397311,0.026570458732321,0.012101244215418853,0.012417936279240926,0.004539543627365478,0.04353707053962686
2033,49.224316557705805,4.793014345638398,1.666245347023054,0.10804668262852384,0.027819005299697608,0.014292553307595357,0.014606595411890133,0.0048504581201414395,0.04647807048919929
2034,50.03361837717071,4.973090633508372,1.7478742375418,0.1170798115396231,0.029072552724258904,0.016577428710613865,0.017060969189225617,0.004876534639801991,0.049492326275722726
2035,50.84292019663562,5.126971905361286,1.8258735808786242,0.12650293954308867,0.030328624353224365,0.018952214311217193,0.01978955456651832,0.004890291612026597,0.05254225470010221
2036,51.64881984026037,5.252806286392948,1.8986641159104454,0.1367135120861835,0.03158887895067841,0.021410756218198306,0.022792556740598435,0.005327498409849004,0.055593821766859335
2037,52.45471948388513,5.377931213157255,1.967597504846359,0.14725057084687135,0.03285609431762926,0.023944995131742586,0.026062225486868762,0.005752273474068688,0.05863498243656205
2038,53.260619127509884,5.519755309164695,2.0355049970949097,0.1579346046374374,0.0341269638971623,0.02654864017907991,0.029593675150888288,0.0059802916214919104,0.06168503378881497
2039,54.06651877113464,5.671704131876048,2.1038543780156855,0.16922603191042807,0.03540022032973755,0.02921893747424149,0.03339189011804233,0.006447785113066509,0.06476719887534017
2040,54.872418414759395,5.8279140198712005,2.1729696437027126,0.18079662535362845,0.036679181522758175,0.03195491169679282,0.037467564030921,0.006802258913262011,0.06789270918989446
2041,55.66712548732741,5.9871729243874245,2.242901538698224,0.19323194116374998,0.037961566850530204,0.03475593030414449,0.04183289442727034,0.007615329413379102,0.07106622016842581
2042,56.46183255989543,6.199182586009583,2.3182916415314985,0.20543097057097545,0.039251601205238074,0.03762136309914028,0.04650051901622554,0.007731783385379508,0.07432570386499207
2043,57.25653963246344,6.437718399337764,2.400595042317346,0.2180814023970692,0.040541600756561436,0.04055603806618161,0.05150512285583542,0.007759524149209281,0.07771911656928147
2044,58.05124670503146,6.636991089040565,2.4843500197660147,0.23146386554538453,0.04183662668870869,0.04356627639310681,0.05689085838775387,0.00794487785847377,0.08122522621734136
2045,58.84595377759948,6.810238995165138,2.566250389262705,0.245520040639228,0.0431387570041023,0.04665171510108626,0.06267754487455157,0.008260662071570377,0.08479136158791747
2046,59.62250933324754,6.957245070746789,2.6443286323446302,0.2600202124016415,0.04444759402612797,0.04980805073401953,0.06886825609358382,0.008515825321141588,0.08838048622676861
2047,60.3990648888956,7.076160303230853,2.7170269626881605,0.2750361541815598,0.045761469621221074,0.05302873803644286,0.07545434392058059,0.008832506038186893,0.09195909656512834
2048,61.17562044454366,7.194384398853998,2.785719081967293,0.2905432572295214,0.047080818185213924,0.056305559892337924,0.08241656203889569,0.009224652834600673,0.09551566427847319
2049,61.95217600019172,7.329359753236062,2.853256935855072,0.30614578830508216,0.04840541647791585,0.05963203562119232,0.08974097204032372,0.009297349162498586,0.09907001500315167
2050,62.72873155583977,7.473404539509119,2.9210222557472614,0.32222790223327635,0.04973245365256085,0.0630050235269471,0.0974284227768818,0.009416907951102524,0.10264509432578409
2051,63.48091196061904,7.619857164818969,2.9891930085361444,0.34714007965474075,0.059125887121563525,0.06642294721098614,0.10548735948195542,0.009853276393877085,0.10625060944635861
2052,64.2330923653983,7.768985100303511,3.0578483203597964,0.3725369148705722,0.06858083031748141,0.06988439995531859,0.11392723002618688,0.010254057069312853,0.10989039750227245
2053,64.98527277017757,7.97091131495782,3.131708879842394,0.3982492481835078,0.07803816650256112,0.07338802852639124,0.12275795668154021,0.01046210049000203,0.11360299598301321
2054,65.73745317495684,8.198726951447195,3.21222315933995,0.4247388660384455,0.08749682486680499,0.07693755018666545,0.13201943126627036,0.010848406168589207,0.11743665355011544
2055,66.4896335797361,8.386838927583602,3.2939325119160077,0.45173900545861034,0.09696026146497971,0.08053799452181944,0.14176290649081036,0.011107778281950408,0.12137006469905043
2056,67.21187153134618,8.54848373923804,3.373536613332133,0.4792480608388944,0.10642663157323196,0.08418829630164819,0.1520059295547398,0.011276592168433706,0.1253506112408407
2057,67.93410948295626,8.683364332218865,3.4490647609797005,0.5074138428146411,0.1158958930028885,0.08788385435021569,0.16274377356583258,0.011549082335541758,0.12934123956016255
2058,68.65634743456634,8.78970955623708,3.518963438211209,0.536035884745529,0.1253690233933158,0.09161809810225598,0.1739567838727707,0.011783553462757765,0.13330842591442882
2059,69.37858538617643,8.894937459991723,3.584612466776611,0.5648523757949695,0.13484448644126157,0.09538303400631272,0.18561237890563476,0.01177179395365131,0.13724068248810914
2060,70.10082333778651,9.016226199095764,3.6488440267996323,0.5941924467154636,0.14432032990313937,0.09917231912722799,0.19768567789434588,0.011856428602959098,0.14115769118779117
2061,70.78814369395056,9.146736901435395,3.713100844388251,0.6242982669293227,0.1537988697007152,0.10298264543266114,0.2101709672700336,0.01226310370881232,0.1450826808171004
2062,71.47546405011461,9.281012109469836,3.7777258555706466,0.6547589009488629,0.1633730782085172,0.10681220155309387,0.2230726432483099,0.012473972872076498,0.14902700506686534
2063,72.16278440627866,9.418256023157541,3.8428285693687734,0.6858030679305371,0.17295537166295405,0.1106595127298919,0.23639751446671475,0.012794672748626373,0.15299599632235014
2064,72.85010476244271,9.607577006751429,3.9130422816752626,0.7176072464794417,0.1825477689097117,0.11452319580413112,0.25015315001242744,0.013355043653172204,0.15702808809999935
2065,73.53742511860678,9.822365667248558,3.989773649288505,0.750330159623897,0.19215258593623097,0.11840627710020032,0.26438318349364387,0.014217129417527636,0.1611709836762943
2066,74.18539130989937,9.997014123612546,4.067541744371062,0.7833663556754837,0.20177232156022695,0.12231286879191905,0.27914387634356785,0.01473418204620553,0.16540310693356428
2067,74.83335750119197,10.144671878814641,4.143023219024571,0.8164002717641506,0.21140333455126215,0.12624166420338342,0.29444932192345075,0.01463440084695508,0.16967155023909924
2068,75.48132369248457,10.265141151637689,4.214239642166051,0.8500255828712217,0.22104352898209212,0.13018825335890152,0.3102864097303284,0.014568362743818232,0.17393902805608139
2069,76.12928988377716,10.356660156406551,4.279634335785929,0.8843143712611621,0.23069692095383088,0.13414654935857906,0.3266244639264819,0.014674546969066926,0.1781718900532033
2070,76.77725607506976,10.446472628135199,4.340568553878159,0.9192648847674963,0.24036349978734983,0.13810929240470687,0.3434180783105747,0.015015592517777296,0.1823584217470876
2071,77.38192371143671,10.551851905689864,4.399867893401318,0.9541010669295595,0.25004287698063576,0.14207072528920517,0.3606316462488808,0.01483776407918185,0.18651805433165602
2072,77.98659134780367,10.666424711263216,4.459014812173177,0.9901123724605534,0.25972958655638956,0.14602778559585755,0.37825264592155605,0.015428172919010242,0.19067418146773993
2073,78.59125898417062,10.784877445561623,4.518398587189056,1.0263223678253484,0.269433113833365,0.14997877975260912,0.39628091891375217,0.0157908496998149,0.19483870562580707
2074,79.19592662053758,10.906252550899271,4.578146725082862,1.0627780049584328,0.279146927035136,0.15392236798433734,0.41471952484883357,0.015971768449920723,0.19901741664020522
2075,79.80059425690453,11.07972822358873,4.642909348078636,1.0997730976533604,0.28887178031514527,0.15785732301652125,0.43357253277624785,0.016222375021737442,0.2032490865237086
2076,80.35846719125286,11.27864284506652,4.714101873208975,1.137345964575151,0.29861116310337343,0.16178623032775433,0.4528856140900164,0.016481231696517978,0.20758172535748892
2077,80.91634012560118,11.437255483768643,4.78623728529059,1.175456534197178,0.3083671693303055,0.1657125860540956,0.47271824796690964,0.01666462796076766,0.21199390288509978
2078,81.4742130599495,11.568786381365033,4.855993811522554,1.214496941040176,0.31814027389284893,0.16963522308677298,0.49308091160452605,0.017207724940100217,0.21643280751592794
2079,82.03208599429783,11.673021500567495,4.921394546873688,1.2537644567814452,0.3279333037005612,0.1735503503699848,0.5139531786177889,0.017466342501420214,0.2208612815916899
2080,82.58995892864615,11.749078581964618,4.980965380179288,1.2934465892542188,0.33774078572634136,0.17745279878459422,0.5352952302765512,0.017711372872868524,0.22524640159386325
2081,83.09794788602198,11.825270260449193,5.036235270702212,1.3334619543408808,0.3475631135612023,0.18133652802449385,0.5570521653205214,0.01793171436272815,0.22957843307193507
2082,83.60593684339781,11.917959035924284,5.090074757330872,1.3737855496343792,0.35739904370309794,0.18519695555391527,0.5791824880496375,0.01812843458648137,0.23387862774124732
2083,84.11392580077364,12.019693415958436,5.143885880091743,1.4143546198170285,0.36724838938205084,0.18903184174349175,0.6016714875995115,0.018232266298152784,0.2381706347938216
2084,84.62191475814947,12.12504446370511,5.1979821400876745,1.4556390016635834,0.3771110398563392,0.19284005291066086,0.6245176743767589,0.018704421393629697,0.24246581312619506
2085,85.1299037155253,12.233109873117108,5.252447059851078,1.4970127488764104,0.38699076811329225,0.19662070433543205,0.647722471653478,0.018909327655048942,0.24676947711915934
2086,85.5852846672551,12.393049022063202,5.311901099248264,1.5387949658442435,0.39688359226873327,0.20037298156400002,0.6712880226106437,0.019130325855356317,0.25112004354551015
2087,86.04066561898489,12.578093803555747,5.37772923675021,1.5810743493803205,0.4067935582760859,0.20409923109895814,0.695261797891745,0.019354609929107255,0.25556515218442427
2088,86.49604657071468,12.722571710354291,5.444428053115989,1.6239217339680385,0.4167236094537734,0.20780250916174764,0.7197054932334401,0.019607077932019826,0.2600830441870574
2089,86.95142752244448,12.839698606579924,5.508664552232465,1.6674858958894954,0.42667507963663576,0.2114819690086217,0.7446266130529668,0.020081560260716818,0.2646206739305543
2090,87.40680847417427,12.928387376544237,5.568372624952567,1.7112836239079026,0.4366488631178784,0.21513460197378068,0.7699990190577202,0.020361069962379647,0.26914006979614363
2091,87.80718068223693,12.985987194743279,5.621841193121013,1.7555593775612717,0.4466406463421678,0.21875624427142698,0.7957750954406695,0.020781616153074754,0.27360577535393277
2092,88.2075528902996,13.040691469513579,5.670402042469232,1.7997436800965574,0.45665062002851253,0.22234192236436331,0.8218891671823014,0.020857400632648262,0.27800456988873196
2093,88.60792509836226,13.11060458863548,5.716949643594911,1.8442534941076438,0.46667349609844944,0.2258878074107011,0.8482886439951196,0.021047776111402072,0.28235577049197136
2094,89.00829730642492,13.188935004994804,5.762982222169043,1.8886075959005837,0.47671187193111964,0.22939206428192827,0.8749503493066619,0.02087039816400904,0.2866829122168648
2095,89.40866951448761,13.27014634069452,5.808870197161633,1.9338585034950113,0.48676244515486766,0.23285385815908682,0.9018664020229119,0.021378238465777234,0.2909975596923675
2096,89.75190876272302,13.353358556104682,5.854731773545371,1.9792784861112118,0.49683294399321,0.23627261752949696,0.9290326719501127,0.021835169356104762,0.29530508328228733
2097,90.09514801095843,13.487691299970386,5.905206053187966,2.0247051452594325,0.506918506815764,0.23964787036358792,0.9564461902307011,0.022048705356487338,0.29964387249289215
2098,90.43838725919383,13.64647076529561,5.961698180070318,2.0704363204001193,0.5170199579098674,0.24298172626801764,0.9841519736398396,0.022221131850408582,0.3040615307319865
2099,90.78162650742924,13.76403700327691,6.018720724435996,2.1166652387226055,0.527142024782282,0.24627686742753302,1.0122096554872542,0.022500396106134416,0.3085362949194016
2100,91.12486575566464,13.852946239722714,6.072890663809088,2.1631485809709634,0.5372867630404883,0.24953283535081638,1.0406216602344287,0.02269269827597929,0.31301462406925074
2101,91.4090672223656,13.912309372789712,6.122116972229254,2.209985821755509,0.5474518251291858,0.252747432827343,1.0693548241238382,0.022973960123989067,0.31745777955115273
2102,91.69326868906654,13.941132587508765,6.164827889523971,2.25728259668805,0.55763639467404,0.2559175665833195,1.09835383236865,0.023543908829618064,0.3218308942324225
2103,91.97747015576749,13.967402509838356,6.202453036322822,2.304339152422259,0.5678389596192345,0.2590396168105705,1.1275468140657239,0.02379157169939337,0.3261221902273367
2104,92.26167162246844,14.008302383995682,6.237863561107479,2.351702353794091,0.5780527353169842,0.26211096857502525,1.1568772619195817,0.024309948237102287,0.3303514397453974
2105,92.5458730891694,14.057246771844584,6.272549751238296,2.3992411901011415,0.5882808900063313,0.2651306077287473,1.1863193045580394,0.02496830080281554,0.33454208700520777
2106,92.7699078912846,14.108694986047857,6.3068821113320706,2.4463052331870068,0.5985223856426619,0.2680983228306331,1.2158629658307145,0.025115818926726916,0.33870573995627046
2107,92.9939426933998,14.161723236497016,6.34097584461656,2.493531804427946,0.6087726238998288,0.2710141178258374,1.245502239507231,0.025395052695205134,0.34284777049984366
2108,93.217977495515,14.265521747047279,6.379474668632548,2.540820910090881,0.6190361909805618,0.2738780789236113,1.2752323669169616,0.025667687073717114,0.34700658619602937
2109,93.4420122976302,14.393409794594982,6.423787816510989,2.5883990819050005,0.6293144918641767,0.2766923197666767,1.3050973960914867,0.02606503004416903,0.3512298441384914
2110,93.66604709974538,14.479724526722206,6.468430637192757,2.636330289466218,0.6396119663553977,0.2794593849692125,1.335155770582026,0.026607350201042407,0.35549581735853925
2111,93.82890097728404,14.537715631716397,6.510086405211803,2.684154368744818,0.6499295447523323,0.2821793523214863,1.3654077464267624,0.026886248844630617,0.35975147639960675
2112,93.99175485482269,14.567163574534751,6.5467811106042575,2.7319191466154966,0.6602629062455115,0.2848509796583738,1.395818580576817,0.027027222347370525,0.36395945778742356
2113,94.15460873236134,14.566325615362329,6.576962796879791,2.779657101528693,0.6706103392093964,0.28747239176026046,1.4263329870634758,0.0271553637709043,0.3680860197246562
2114,94.31746260989999,14.562644046532526,6.60201492257042,2.827292949092597,0.6809692012979096,0.29004133174619606,1.456879946848602,0.02728297193057858,0.37211949726931076
2115,94.48031648743861,14.57356721889248,6.62479748321612,2.875052176038936,0.6913366466196037,0.29255632021818784,1.4874039499475584,0.027675660978876606,0.37607959827470944
2116,94.58111089027638,14.592496854851841,6.646798274121759,2.9224610541237364,0.7017132785601244,0.295017117369943,1.5178803065577116,0.02786045430774154,0.3799898973282161
2117,94.68190529311414,14.613855905226172,6.668383317682453,2.969792209887007,0.7120954289598355,0.29742409855407054,1.5483002696224801,0.028110309789734292,0.3838621029608868
2118,94.7826996959519,14.636761837675087,6.689668739306956,3.0171388939743857,0.7224848887176056,0.2997777966643669,1.5786590534775442,0.028515458967797485,0.3877016961470713
2119,94.88349409878967,14.710396158072514,6.71529924088186,3.06407112509207,0.7328822396930991,0.30207880051464825,1.6089531632651184,0.028609706251807063,0.3915472153673971
2120,94.98428850162743,14.808064934131849,6.746683800754242,3.111468482489617,0.7432866437143396,0.3043292334076008,1.6392270668333966,0.029179108473096616,0.39544643006118324
2121,95.0222845752426,14.864091556632046,6.778336577982406,3.158424231911584,0.753707327502162,0.3065315222508625,1.6695389607566353,0.02926871670819839,0.39937770469372585
2122,95.06028064885776,14.891716371020605,6.806939396799157,3.205741783286737,0.7641381568272336,0.3086862007441826,1.6998897518169107,0.029739589017948834,0.40328808488046053
2123,95.09827672247292,14.890767317355143,6.830521880051536,3.252459567595442,0.7745834254692684,0.31079279862644466,1.7302462698192391,0.02969676371367884,0.4071403099668108
2124,95.13627279608808,14.859509304885547,6.8475362219462905,3.299241120217422,0.7850338432800232,0.31285037270795873,1.7605557196610677,0.029900410118589325,0.41090077444978346
2125,95.17426886970324,14.82539046737004,6.859369583084361,3.345814866435875,0.7954907690587986,0.3148577012666508,1.7907505351928927,0.03015791009265288,0.41455795082487995
2126,95.14886197846238,14.805861035875989,6.868885037225873,3.392014855105298,0.8059496101048184,0.3168141554422387,1.8207786985464178,0.03034070998819754,0.41813168102362613
2127,95.12345508722152,14.794318843000461,6.877572475973968,3.437900842694512,0.8164079784887344,0.3187200369448167,1.8506183229258193,0.03050884020847885,0.4216456641266622
2128,95.09804819598065,14.785215484278828,6.885802285828059,3.483712435229034,0.8268658549245831,0.3205761007106017,1.8802630280776391,0.030895707678909673,0.4251117438373001
2129,95.07264130473979,14.777670184263945,6.893694469836866,3.529147373426215,0.8373246952586281,0.3223832095012423,1.9097103124062231,0.031193607759479706,0.42853554850064135
2130,95.04723441349891,14.82086687298923,6.905896925090971,3.574421891918754,0.8477821740752852,0.3241422569175045,1.9389589524581545,0.03158275107852155,0.4319557573892883
2131,94.95794110420326,14.888106770422029,6.923820740021782,3.6193351927647037,0.858242094857266,0.3258552618152295,1.9680535656404183,0.03176400009357354,0.43542027035821623
2132,94.8686477949076,14.913719825578754,6.941982401305033,3.6642013612362905,0.8687060817772927,0.3275244457051216,1.9970515571888612,0.03201170001872395,0.43890757654629087
2133,94.77935448561195,14.910977314060924,6.9570686149415835,3.7088538731253653,0.8791765248811849,0.3291506110241763,2.0259554856586703,0.03220638556916987,0.4423648659921635
2134,94.69006117631629,14.879721445404206,6.967114396030294,3.753431123659591,0.8896506306761316,0.330733811769323,2.0547356058739084,0.03255603096541839,0.4457550443748095
2135,94.60076786702065,14.818231994668908,6.970577476796906,3.797441526421651,0.90012668152354,0.3322737514454585,2.0833438315839734,0.032652580672488336,0.4490446811961903
2136,94.44721040146293,14.753972999217384,6.968850804092121,3.841549791252833,0.9105976288265327,0.3337699289595131,2.111718465769849,0.03324133483558036,0.45222243286135794
2137,94.2936529359052,14.704427460704126,6.964805006950291,3.88501963356088,0.9210653684868506,0.3352222773694072,2.1398128849205156,0.033610756849071416,0.45530834593503533
2138,94.14009547034748,14.663006532917391,6.959937197440054,3.9280346809322704,0.9315234239694078,0.3366314055592738,2.167609137696326,0.033944373365720884,0.45832634034154146
2139,93.98653800478975,14.62416653557239,6.954623700740063,3.9707741280637343,0.9419726329624157,0.3379982433749422,2.1951039704466693,0.03441080482250884,0.4612884764571983
2140,93.83298053923201,14.58703450005367,6.948989807764407,4.012921012656294,0.9524140170985599,0.33932378703955196,2.22229779907459,0.034684816769856,0.46420059267373615
2141,93.61486895372002,14.600799961334106,6.947688129680778,4.055056064092764,0.962845148098112,0.34060904250624563,2.2491922406531746,0.03530805918093616,0.46710157365429605
2142,93.39675736820803,14.638796590813437,6.95213652308434,4.096516043341401,0.9732724469319493,0.34185581711492363,2.275831686882852,0.03551655390703018,0.4700395385046464
2143,93.17864578269604,14.635354362013276,6.956857014256027,4.13770277905183,0.9836942692178887,0.34306604604186197,2.302272218780013,0.035677041702296554,0.4729932033097694
2144,92.96053419718405,14.603758044945186,6.958541776087312,4.1785064459124905,0.9941135818958031,0.34424062221503804,2.328518641818116,0.035723619833011734,0.47590998015052244
2145,92.74242261167204,14.543869344765097,6.955232029885805,4.219052816079486,1.0045279664619788,0.3453798887468082,2.354545777990526,0.03584617691889729,0.4787530059612758
2146,92.45953720222099,14.453985977373721,6.945392145453141,4.259356771748541,1.014935628196657,0.34648392984884346,2.380311611670101,0.0361365090664048,0.4814890929665344
2147,92.17665179276993,14.361633056386738,6.9304259582715435,4.299068298503228,1.0253331904443652,0.34755267763646314,2.4057617743439508,0.036313476076574834,0.48410718000187336
2148,91.89376638331888,14.284292479739856,6.913212753796257,4.3388252037129655,1.035715470350603,0.348586370919336,2.430856128732903,0.037039617304578165,0.48662761640554486
2149,91.61088097386782,14.215383195348684,6.895256727807631,4.377650283201945,1.0460858492092635,0.34958572453593023,2.4555811693451037,0.03732293178487338,0.48907460832677374
2150,91.32799556441677,14.14936740297607,6.8769402865261355,4.416197509124004,1.0564370717133431,0.35055167187867203,2.479936973392477,0.03781129905493975,0.4914604930845715
2151,90.98016993814015,14.085381551356454,6.858394429175108,4.454229846387544,1.066773628808851,0.3514851817189927,2.5039269768153174,0.03825267906922328,0.49379137997515943
2152,90.63234431186353,14.072682100374559,6.844282572904609,4.491576832523015,1.0770937861774792,0.3523872177262307,2.5275556866715547,0.03843367932650232,0.49610646262124897
2153,90.28451868558692,14.084582713699996,6.83602960430866,4.528687560415405,1.0873986494836219,0.3532593012239158,2.5508667457135994,0.03870868376432955,0.4984541802299389
2154,89.9366930593103,14.055411860383549,6.828162457488225,4.565099615617871,1.0976944011062377,0.35410302928372306,2.5739142761425207,0.03857437450730541,0.500813534578084
2155,89.5888674330337,13.998472934758366,6.817379012914565,4.6017276141540275,1.107977960390641,0.3549192462226763,2.596705403541721,0.03899278388369947,0.503132220115289
2156,89.17171819103375,13.913642800493497,6.801726675093916,4.638157888116541,1.1182543382590748,0.3557083974579095,2.6192199225859163,0.03960156494069872,0.5053736648729412
2157,88.7545689490338,13.79930878314311,6.779683095656511,4.673716343014224,1.12851820085352,0.3564707377636698,2.6414224004642994,0.039799973760305814,0.5075050301724289
2158,88.33741970703385,13.68297939751231,6.752661447286737,4.709057097924463,1.1387616332582382,0.3572064085760781,2.66326638420518,0.04030704177346387,0.5095156301115029
2159,87.9202704650339,13.582146954824635,6.723548639253723,4.74379506482502,1.1489869004842432,0.3579157610788082,2.684718510054589,0.040747731959307976,0.5114261612480713
2160,87.50312122303396,13.49023879499928,6.69385569731753,4.777693732117462,1.1591904016910293,0.35859947363843137,2.7057696281634227,0.04087305916585952,0.5132611694587192
2161,87.0206699855986,13.401722471706611,6.663970998406224,4.811336986382515,1.169370329921214,0.3592583689727291,2.7264228723674266,0.04125209236997492,0.5150333227511708
2162,86.53821874816325,13.315820459450615,6.634038320574902,4.844587894193694,1.179530886171404,0.35989328492139766,2.7466843655155673,0.041730249173908135,0.5167491084114169
2163,86.05576751072789,13.281745896296956,6.608727657697858,4.877068644948968,1.1896712529220888,0.3605050468537403,2.766561195956042,0.041883046288033285,0.5184481029290633
2164,85.57331627329253,13.272809447516613,6.589468100442291,4.909684022569161,1.1997910557219025,0.36109486122607926,2.7860955816231794,0.042523448354904514,0.5201790756430961
2165,85.09086503585716,13.223344777980559,6.570790666086586,4.941301033872011,1.2098995963483503,0.3616639768152161,2.8053389576617516,0.04247715792569971,0.5219213451209926
2166,84.5427061948161,13.146667726752414,6.549397948841822,4.9728673483954395,1.2199891872297044,0.3622131062461193,2.824300420438089,0.0427417123349339,0.523622922146593
2167,83.99454735377505,13.042764146745393,6.523351447401097,5.0041247802924,1.2300653570843463,0.36274267589777615,2.8429645376335566,0.04310458623831374,0.5252476234384071
2168,83.44638851273399,12.90997363798691,6.491136124184396,5.034943992499649,1.2401242902119889,0.363252973314582,2.861302346712125,0.043501365470326916,0.526763016790627
2169,82.89822967169293,12.775819127160782,6.454171325858049,5.065107524292526,1.2501624717585496,0.3637442011451428,2.8792751192008295,0.04376695394836202,0.5281587782396423
2170,82.3500708306519,12.657809440316955,6.415350658517498,5.094448156659701,1.260176480008632,0.36421670236593345,2.8968558941961584,0.043743109823129234,0.5294559702658478
2171,81.73582702487468,12.549373190091371,6.376190755521552,5.123404075400235,1.2701645684245424,0.36467104155081426,2.914039331896105,0.04384963376273941,0.5306794997660342
2172,81.12158321909746,12.445085826777097,6.337094465820786,5.151800034996645,1.2801299536425934,0.36510787705399245,2.9308309960722854,0.04388875168911285,0.5318424565386609
2173,80.50733941332024,12.344100042510268,6.2982111552775875,5.180241295718586,1.2900716921941915,0.3655278717316587,2.947239111948625,0.04445087033364616,0.5329517495104653
2174,79.89309560754302,12.29563649560104,6.264214934532696,5.208050548263474,1.2999944285279175,0.365931673394917,2.9632726975089554,0.04480443535283119,0.5340473134788531
2175,79.27885180176582,12.273006506460066,6.236538692563727,5.23567947730747,1.3098956003098687,0.3663201882109312,2.9789718026664653,0.04531361875560751,0.5351782673645973
2176,78.59814176912758,12.210541528310594,6.209716550939984,5.262890344362596,1.3197811001236004,0.3666943453797969,2.9943844710878693,0.04570616188876908,0.5363242658825603
2177,77.91743173648933,12.121679996263333,6.18046516769388,5.2893019708491416,1.329649715913752,0.36705469631779386,3.0095211734581433,0.045642655252250273,0.5374337299072012
2178,77.23672170385109,12.006339553474062,6.146851645296999,5.315842962337128,1.339497922408135,0.36740158961750674,3.024370733153977,0.04610181697172662,0.5384709001857819
2179,76.55601167121284,11.862872096003267,6.107365451777492,5.341660281146466,1.3493307692776044,0.3677352732451632,3.0389100378904894,0.04628048996075452,0.5394037107724539
2180,75.87530163857457,11.718815009600883,6.063431281262456,5.366982224323427,1.3591402203576628,0.3680559321514212,3.0531073890679643,0.046456474401903834,0.5402222083444753
2181,75.12771467345294,11.591679661643044,6.017947488030998,5.392013921237654,1.3689265037818874,0.36836384451068654,3.0669414811850855,0.04683426805652836,0.540947823703466
2182,74.38012770833132,11.475022764315804,5.972446432578391,5.416363144159814,1.378690829985537,0.36865943798326145,3.080410016663228,0.046996949180584946,0.5416059103472037
2183,73.63254074320969,11.363322106344155,5.927335063161587,5.440012904980695,1.388430751847785,0.3689432017687198,3.0935202967352096,0.04690865609535651,0.542209998533624
2184,72.88495377808806,11.255734061110397,5.8827650483162985,5.4635140719492075,1.3981466006825571,0.36921562437956285,3.1062818892969357,0.047102603716431955,0.5427673538737194
2185,72.1373668129664,11.201485686096392,5.843413545524189,5.486688099241783,1.4078427746432194,0.36947718028604865,3.118704975775681,0.04734490479146278,0.5433182637453718
2186,71.32244223766459,11.173879553855555,5.8107154801424485,5.5093061121100355,1.4175200630030758,0.36972851950167607,3.1308267957907763,0.047318545800995954,0.5439121880135116
2187,70.50751766236277,11.107374133444543,5.779218571080697,5.531982364261034,1.427179258675281,0.3699703049137446,3.142691443566215,0.04761215989739873,0.5445291972083954
2188,69.69259308706096,11.015310029870117,5.745642044859133,5.554342883064739,1.4368252602500873,0.37020293552945704,3.1543101586662416,0.04788640264252666,0.5451181259764264
2189,68.87766851175914,10.897613471497385,5.708054632899084,5.576199517190636,1.4464549284773454,0.3704266672906561,3.165675231240135,0.0479991376942457,0.5456435524882537
2190,68.06274393645732,10.752643338570929,5.664948422357692,5.597632954329667,1.4560658513602793,0.3706416839176337,3.1767685012243234,0.0480831671811004,0.5460737506463298
2191,67.17995516434465,10.60795072062247,5.617751840965696,5.6186006228580565,1.4656571197560466,0.3708481230898714,3.187564305203563,0.04813196150041599,0.5463991133081605
2192,66.29716639223197,10.481181212855,5.569378897710437,5.639316184039296,1.4752274830678753,0.37104618482262325,3.198046020259822,0.04835498409528081,0.5466415117936942
2193,65.4143776201193,10.365775240506123,5.5213642404637895,5.6595539545140054,1.484778434286108,0.371236171053285,3.2082135963633105,0.04849902575150951,0.5468267270597925
2194,64.53158884800662,10.25621104270226,5.474115221342719,5.679532714266799,1.4943088183615534,0.37141842445995094,3.2180752656701825,0.04876158467798472,0.5469686210971272
2195,63.64880007589393,10.151638788326151,5.427783985244078,5.6994078284173915,1.5038207217099182,0.3715932854916273,3.227641149918264,0.04927789113012099,0.5470747801674604
2196,62.69754217663698,10.101286509407219,5.387048605274888,5.7187019274044095,1.5133158140292933,0.37176108329531066,3.236921825521792,0.04951740067233076,0.5471858038856835
2197,61.74628427738003,10.078589589164169,5.3533574151350685,5.737889637829421,1.5227925082942944,0.37192226749571705,3.2459512444697047,0.04987206366859366,0.5473515539011113
2198,60.795026378123076,10.01787986989361,5.3212578675846895,5.756441797994073,1.5322562242762596,0.3720772960273111,3.254769276950448,0.04978651443693187,0.547552486303123
2199,59.843768478866124,9.932495251177405,5.28746733179262,5.775232299690902,1.5417037856727773,0.37222644263510385,3.2633872696912274,0.050177080084384595,0.547737721607408
2200,58.89251057960919,9.822366718519133,5.250054350319428,5.793711741074253,1.5511410838201574,0.3723698805516752,3.2718000932822395,0.050528559808106006,0.5478721236120746
2201,57.87209178927494,9.685856617572343,5.207511741696718,5.8118243854705804,1.5605635074876223,0.3725077317018769,3.2799935088965775,0.050835381301289014,0.547924256083214
2202,56.85167299894069,9.550665355708803,5.1612826465199415,5.82947515410767,1.569969604016567,0.3726400849237235,3.2879467245394958,0.05103383427867056,0.5478849063492129
2203,55.831254208606445,9.434306428418193,5.114281317168622,5.847044313384602,1.579358062204606,0.37276707176828094,3.2956467800205758,0.051496068466758894,0.5477763309243807
2204,54.8108354182722,9.330213024116256,5.068040304275606,5.863898606625763,1.5887316677250594,0.3728888939023247,3.303094988048544,0.051558468487326245,0.5476245884625075
2205,53.79041662793795,9.232848847399222,5.022964721876678,5.880609066362204,1.5980863955392572,0.3730057807190272,3.310299748714354,0.051773339482367495,0.5474438019071988
2206,52.7000502057679,9.141363993445582,4.979205424052964,5.897141463043404,1.6074267961044801,0.3731179595670137,3.31727102357476,0.05208387417035375,0.5472418096267977
2207,51.60968378359785,9.105132654838973,4.941453453116322,5.91323095706339,1.6167531679772882,0.3732256495477465,3.324019103594054,0.052173468725530206,0.5470595672187702
2208,50.5193173614278,9.097443214468607,4.911154712713418,5.9293264254157405,1.6260651299842306,0.37332915391223864,3.3305744921709577,0.0524103750077688,0.5469472743405451
2209,49.42895093925775,9.052606194813407,4.8828511456471615,5.945233856565009,1.6353675581241434,0.37342878169081695,3.3369727858467177,0.05257912839071784,0.5468856025126124
2210,48.3385845170877,8.98395936903205,4.853256607365424,5.961143970369918,1.6446596057912686,0.3735247131445189,3.3432248946775873,0.05291087878640323,0.5468238779701403
2211,47.17737767820387,8.891427176290536,4.820436974162949,5.976656869862694,1.6539424679322567,0.37361705803145373,3.3493274186365793,0.05304275370793814,0.5467271715544652
2212,46.01617083932003,8.773538044313256,4.782898692175289,5.99192448115524,1.6632127995636399,0.3737058899260411,3.3552689863546385,0.05317243407034369,0.5465643712405769
2213,44.8549640004362,8.657833325301164,4.742081959304293,6.00697905200709,1.6724708972360807,0.37379125922507805,3.3610325105615386,0.05335780791799912,0.5463265770663938
2214,43.69375716155236,8.561816270409885,4.700895888322666,6.021849318357911,1.6817165439007344,0.37387324595677124,3.3666075838840213,0.053615708322691434,0.5460362362936921
2215,42.532550322668534,8.478904613866609,4.660868428714257,6.036592939196654,1.6909500693188733,0.3739519791247849,3.371996086971982,0.053975217836060976,0.5457195859449535
2216,41.29947623848714,8.403551236923755,4.622400590305429,6.051367788957484,1.7001722823303287,0.37402760718239303,3.3772059883637535,0.05457099442538155,0.5453909166556278
2217,40.06640215430574,8.335065945528035,4.585655173943629,6.065346113514827,1.7093847559688482,0.3741002772490754,3.3822465659575727,0.05455616734347202,0.5450583469958581
2218,38.833328070124345,8.322651777629533,4.555317856099455,6.0798826754745665,1.718582094534578,0.3741701310334079,3.3871274074509703,0.05523995065032125,0.5447630918052879
2219,37.60025398594295,8.339573231403415,4.532826240056322,6.093858817469699,1.7277750751647065,0.3742373695227002,3.3918756974767312,0.055415200575306474,0.5445554747302537
2220,36.36717990176155,8.320127593334037,4.512715439013486,6.107804777461441,1.7369571898395622,0.37430219801044856,3.3965231311623842,0.055605981283295504,0.5444162771657507
2221,35.06100514051881,8.27763738479767,4.491693197854639,6.122066318482254,1.7461326161608421,0.3743647314735663,3.4010799054251466,0.056194136765144044,0.544294928657556
2222,33.754830379276065,8.21219897903573,4.467836893953218,6.136049275314157,1.7553037112360301,0.3744250354052738,3.405543658260897,0.0566201439410997,0.5441567264708564
2223,32.44865561803332,8.122158312597834,4.439646282729356,6.14986203973561,1.7644658970534257,0.37448315013206523,3.409904996119657,0.057037228843406076,0.5439707675870558
2224,31.14248085679058,8.035041412703341,4.408552837117077,6.163508585041194,1.7736193345144264,0.374539099713855,3.4141493443715234,0.057472579395301635,0.5437282270460881
2225,29.836306095547847,7.96833384077408,4.377458143025145,6.1769206689283624,1.7827637023607286,0.3745929291544933,3.418267845989676,0.05784457338416592,0.5434516180392994
2226,28.455410653118115,7.915432494395163,4.347882858467926,6.189830230130424,1.7918986205419092,0.37464471812924466,3.4222623877983676,0.057857271711066235,0.5431672319498355
2227,27.074515210688382,7.870963139340886,4.320238596044646,6.202715603083942,1.8010225083418194,0.37469456024666287,3.426140202074074,0.057968796139547904,0.5428895362818384
2228,25.69361976825865,7.834036733264628,4.294679258758376,6.215721417456439,1.810139101472525,0.37474254861567496,3.4299097351122105,0.05830323152301595,0.5426268007330115
2229,24.312724325828917,7.8538319399081145,4.275879126132881,6.228268297664639,1.8192497994547576,0.3747887727432723,3.4335797049715646,0.05822977692339268,0.5424202435716513
2230,22.931828883399184,7.903592269400355,4.265265932188676,6.241348122390013,1.8283515028233301,0.37483336412293433,3.437174603064836,0.058668472811103385,0.5423201795678092
2231,18.345476519572237,7.917589293754108,4.25736529000546,6.254557051260448,1.8374523641661042,0.3748764574808824,3.4407231693390257,0.059197690851981316,0.5423073694224535
2232,13.75912415574529,7.917394621774139,4.249639575426615,6.267889193880061,1.8465499325819337,0.37491812403754876,3.4442349972984685,0.05984912794333147,0.5423370120187789
2233,9.172771791918343,7.902870551884617,4.240772974434183,6.280965464261736,1.8556442087938991,0.3749584073027984,3.4477109374176482,0.0602671067510376,0.5423848039963522
2234,4.5864194280913955,7.8722903613762325,4.22966339801079,6.293769995535866,1.8647323759012941,0.37499733783794614,3.451147389579858,0.06046407845786223,0.542428813758907
2235,6.70642644474251e-5,7.853072504066803,4.218015513074297,6.306701661602362,1.8738140296677004,0.375034936981257,3.454537113737044,0.06084752654964599,0.542468054666714
2236,6.43816938695281e-5,7.862580423087485,4.208922493102618,6.319645793254027,1.8828919313085628,0.37507124161630956,3.45787869235642,0.061271991740457166,0.5425319362322778
2237,6.169912329163109e-5,7.882331988887027,4.202956111571453,6.332750264428406,1.8919656256163582,0.3751063129289799,3.4611810095994704,0.061852686584548316,0.5426446296990491
2238,5.901655271373409e-5,7.906760580479777,4.199717043825343,6.345899329013573,1.9010365759925785,0.3751402127678098,3.4644547020751926,0.06245684029407365,0.5428109978839185
2239,5.6333982135837085e-5,7.934984157480954,4.1988285338012545,6.358750255653442,1.9101043281268404,0.3751729958229232,3.4677089524837346,0.06273295543283126,0.5430310237871131
2240,5.365141155794009e-5,8.016192131740533,4.204600944125089,6.371767029200444,1.9191667630471203,0.3752047105192104,3.4709516109255416,0.06310505352067987,0.5433388911878929
2241,5.1505355095622485e-5,8.123639724662164,4.218201706641578,6.3849528751113445,1.9282280041416884,0.37523543273156706,3.4742046886812483,0.06350588412622611,0.5437788654306146
2242,4.935929863330488e-5,8.191605184077444,4.233963255022694,6.398405868833638,1.937289089735476,0.37526523950944335,3.477494060738459,0.06403105849707953,0.5443264203531818
2243,4.7213242170987274e-5,8.233400488861415,4.248436960696206,6.4114339382953665,1.9463510144209084,0.37529416306248775,3.4808269343098974,0.06403556320735859,0.5449262632947145
2244,4.506718570866967e-5,8.248925076641145,4.259559130139911,6.425079599200459,1.9554087396930737,0.375322211600619,3.484199061280977,0.06461027953068318,0.5455393070951068
2245,4.2921129246352076e-5,8.236508904156004,4.265714215924768,6.438373757395941,1.9644691977569622,0.37534938169503856,3.4875992384100645,0.06482541030286562,0.546130529231011
2246,4.1204284076497996e-5,8.223662959171213,4.268239967398013,6.451806459058205,1.9735249096140857,0.37537566303857745,3.4910107851444137,0.06520778657141228,0.5466873146897164
2247,3.9487438906643916e-5,8.227861789921636,4.269960186623767,6.4652833964275755,1.9825788516490777,0.37540105688448483,3.4944215035235997,0.06565332135679035,0.5472286630136233
2248,3.7770593736789835e-5,8.242483136434883,4.272328920362718,6.478853616240173,1.991630258983386,0.37542558268486,3.497828694574639,0.06619150033908829,0.5477775796581996
2249,3.6053748566935755e-5,8.300302015399442,4.2792240521842375,6.492208192561611,2.000679568796517,0.3754492678272769,3.5012345378704914,0.06647260933099676,0.5483722087363293
2250,3.433690339708166e-5,8.363420726443687,4.290263958937409,6.505806285486121,2.0097251985764655,0.3754721587582948,3.5046541898887256,0.06691393318679749,0.5490408050758369
2251,3.2963427261198395e-5,8.39296164081526,4.301081194868946,6.519089123905785,2.018770941968393,0.37549429624675495,3.5081015347336173,0.06696662907931633,0.5497557218777035
2252,3.158995112531513e-5,8.422123468232735,4.311330657214805,6.532761316616037,2.0278128339335,0.3755156967913884,3.511575804477194,0.0673666356017048,0.5504903458122511
2253,3.0216474989431864e-5,8.450921113720815,4.321307366378926,6.546363598044301,2.0368557783490875,0.37553637524475086,3.5150750616905935,0.06765264742062167,0.5512437353392466
2254,2.88429988535486e-5,8.479373600739867,4.331152950878811,6.559986976437067,2.045896513236564,0.3755563479502107,3.5185983582730076,0.06792040920444362,0.5520153477728409
2255,2.746952271766533e-5,8.507485291286942,4.340938289072999,6.573495955509083,2.0549356684837106,0.37557563181182635,3.5221452219886036,0.06803477643724924,0.5528046567876932
2256,2.6370741808958715e-5,8.53526680153991,4.350699796057228,6.586853458197635,2.0639722846182362,0.375594243874402,3.5257154190154814,0.0679604069325804,0.5536111037569352
2257,2.52719609002521e-5,8.56272231742573,4.36045550848203,6.600380624458387,2.0730060973008273,0.37561220112404947,3.529308838010585,0.0680193803817395,0.5544341076411854
2258,2.4173179991545486e-5,8.589858259368018,4.370213595976315,6.613999107310455,2.0820393780011255,0.37562952038657516,3.5329254281099813,0.06813170280361797,0.5552730780091554
2259,2.307439908283887e-5,8.6166806542106,4.379976770311751,6.627687842709846,2.091071587118832,0.37564621827595235,3.536565165540295,0.0682774429412618,0.5561274288335052
2260,2.1975618174132264e-5,8.643194556555157,4.389744614320956,6.641356501493454,2.1001025871944994,0.3756623111681231,3.5402280350784205,0.06836698219235875,0.5569965858600526
2261,2.1096593447166973e-5,8.669406672379806,4.39951513172184,6.655198960199619,2.1091317496068416,0.37567781518786675,3.543914019366508,0.06859538372301714,0.5578799923153852
2262,2.0217568720201683e-5,8.695325121060597,4.409285680161818,6.668934536175551,2.1181604524525133,0.37569274620351245,3.547623093479014,0.06868113015827651,0.5587771138822345
2263,1.9338543993236393e-5,8.720949351321517,4.41905259554486,6.682849619462937,2.1271867243472236,0.37570711982587673,3.5513552226665843,0.06891311790823984,0.5596874347150123
2264,1.8459519266271102e-5,8.74628847570466,4.428812448883852,6.696923898611979,2.1362125930997813,0.3757209514065158,3.555110358790711,0.06926953598311957,0.5606104593318509
2265,1.7580494539305812e-5,8.771347809763894,4.438561897762899,6.7108583290449735,2.1452379290754244,0.37573425604030936,3.5588884410814337,0.0694519863840193,0.5615457164637864
2266,1.687727475773358e-5,8.796132046265265,4.448297650596836,6.724866758173282,2.1542606289428363,0.3757470485673477,3.5626893963886412,0.06967692891461466,0.5624927553598422
2267,1.617405497616135e-5,8.820645946881948,4.458016555404712,6.739066268268227,2.1632822041543895,0.3757593435745696,3.566513139313974,0.07006043639940376,0.5634511448258904
2268,1.547083519458912e-5,8.844893291028336,4.467715560747735,6.753360364123612,2.17230349092308,0.375771155397514,3.5703595726550694,0.07050567322212806,0.5644204719258216
2269,1.4767615413016887e-5,8.86888108433212,4.47739205292318,6.767403445723824,2.181323819254992,0.3757824981218171,3.5742285877195568,0.07066819768584588,0.5654003429416113
2270,1.4064395631444651e-5,8.89261104999258,4.487043351832844,6.78192652140713,2.1903407517852473,0.3757933855853865,3.5781200658198355,0.0712819373029409,0.5663903809137198
2271,1.3501819806186866e-5,8.916090022749854,4.496667199066869,6.7964942892156035,2.199359451990401,0.37580383137913587,3.582033878018254,0.07190690280243213,0.5673902250253805
2272,1.293924398092908e-5,8.939320747334234,4.5062613895820665,6.810872555560229,2.2083768650423083,0.37581384884879826,3.585969886581427,0.07231242467187853,0.5683995304158175
2273,1.2376668155671295e-5,8.962309490072121,4.515824078742031,6.825008737594387,2.217391338449854,0.3758234510957337,3.589927945154122,0.0724480357022522,0.5694179671924255
2274,1.181409233041351e-5,8.985058239977205,4.525353383420654,6.8392757010271605,2.226402493444481,0.37583265097832935,3.5939079000143592,0.07268743752463784,0.5704452190653528
2275,1.1251516505155721e-5,9.007569349865884,4.5348474183770024,6.853690641482814,2.2354129584244036,0.375841461112483,3.5979095899344373,0.07304565182297708,0.5714809801885122
2276,1.0801455844949492e-5,9.029851873314014,4.544304975364833,6.867962690874646,2.244422862493062,0.3758498938722151,3.601932846171249,0.073232128489677,0.572524959848443
2277,1.0351395184743263e-5,9.051905174013408,4.553724549533751,6.882293029068346,2.253430155940558,0.375857961391495,3.6059774948542045,0.07345053763041821,0.5735768792516701
2278,9.901334524537034e-6,9.073734925624096,4.563104917177456,6.896690220774684,2.2624362562197295,0.37586567556419964,3.610043355946409,0.07370846404775692,0.5746364689965903
2279,9.451273864330805e-6,9.095344390705263,4.572444963711697,6.911320115353412,2.2714412272531908,0.37587304804519117,3.6141302442466396,0.07417212450205028,0.5757034713063409
2280,9.001213204124578e-6,9.116737130267037,4.581743672913383,6.925866765960917,2.280446245763704,0.3758800902510844,3.6182379697876237,0.07452482206190729,0.5767776380965969
2281,8.641164675959595e-6,9.13791644204049,4.59100011274752,6.940661077463074,2.289449087747623,0.37588681336103474,3.6223663381989946,0.07510010753506784,0.5778587306203534
2282,8.281116147794611e-6,9.158886889776076,4.6002135544725515,6.955291636898369,2.2984520900592997,0.3758932283175549,3.626515151022402,0.07548464766484277,0.5789465198342691
2283,7.921067619629628e-6,9.179650548150217,4.609383226389877,6.969727586228275,2.3074523537959664,0.375899345827544,3.630684206452674,0.0756508950835642,0.5800407850685263
2284,7.561019091464645e-6,9.200209638612636,4.618508334179089,6.98427413274013,2.3164496527070613,0.37590517636303344,3.6348732992050325,0.0759046922779118,0.5811413121870909
2285,7.200970563299663e-6,9.2205710855581,4.6275885345452545,6.998511962174314,2.3254461360346275,0.3759107301620753,3.6390822204549687,0.07582497863549517,0.5822478968871476
2286,6.912931740767676e-6,9.240735903197104,4.636623335068155,7.013316501172244,2.334438842308976,0.37591601723026297,3.6433107594709577,0.07629053900829863,0.5833603431537489
2287,6.624892918235689e-6,9.26070708468446,4.6456122609346355,7.027987501887151,2.3434339483413567,0.3759210473415693,3.647558703106076,0.07659534273464716,0.5844784603635016
2288,6.3368540957037026e-6,9.280484384469654,4.654554608582442,7.042492317744156,2.3524265265831716,0.37592583003951285,3.651825835885388,0.07671206294727562,0.5856020622888076
2289,6.048815273171716e-6,9.300077296372981,4.66345039181345,7.057218275284674,2.361416338769484,0.3759303746381924,3.656111939210293,0.0770286508061259,0.5867309718605784
2290,5.760776450639731e-6,9.319483348802537,4.672299164352549,7.071796349427628,2.370406115387862,0.3759346902243436,3.660416793958221,0.07717373116008935,0.5878650186971125
2291,5.530345392614142e-6,9.338709584384643,4.681100885999025,7.086654627786881,2.379393255351398,0.37593878565828964,3.66474017885698,0.07757837034212307,0.5890040375780907
2292,5.299914334588553e-6,9.357753700327216,4.6898550951041615,7.1014819219129475,2.3883807779426918,0.3759426695758306,3.6690818719720033,0.0779287343279312,0.5901478680944916
2293,5.069483276562964e-6,9.376625062484466,4.698561996953984,7.116079724549305,2.3973664937131485,0.3759463503894994,3.6734416492157504,0.07802887464277049,0.5912963565881365
2294,4.839052218537375e-6,9.39531793356157,4.707221044015506,7.130953786564214,2.406348995702988,0.37594983629081624,3.6778192867792985,0.07838631482295386,0.5924493529681573
2295,4.608621160511785e-6,9.41384298234875,4.715832482874877,7.1460273441536595,2.4153318481224737,0.37595313525151614,3.682214558442857,0.07892109007781942,0.5936067122589939
2296,4.424276314091313e-6,9.432196999578458,4.72439607813002,7.161170496133145,2.4243145190371544,0.37595625502605273,3.686627238471877,0.07950418802071775,0.5947682955773425
2297,4.239931467670841e-6,9.450387597679798,4.732912066372531,7.175844031846837,2.4332960970811612,0.3759592031532464,3.6910570999016894,0.07959766346722026,0.5959339682435193
2298,4.05558662125037e-6,9.468412524967688,4.741380273939695,7.190558658854771,2.4422727704131613,0.3759619869586841,3.6955039162736627,0.07971638526897067,0.5971035999402925
2299,3.871241774829898e-6,9.486276890188629,4.74980079081754,7.205295480677931,2.4512481266196215,0.37596461355664396,3.699967460175818,0.07983821708259972,0.5982770632432481
2300,3.686896928409428e-6,9.503980987804612,4.758173566695975,7.220118670046883,2.460222031817839,0.3759670898525387,3.704447504226024,0.08002780897971505,0.5994542351707669
2301,3.539421051273051e-6,9.521529492615747,4.766498794774048,7.234969773702037,2.4691949385637333,0.375969422545207,3.7089438205893734,0.08022659507459763,0.6006349969291261
2302,3.391945174136674e-6,9.538923862123541,4.774776612526369,7.250056687807979,2.478166435242806,0.3759716181294915,3.713456181889687,0.08064321812740698,0.601819234418588
2303,3.2444692970002972e-6,9.55616484392907,4.783007013960284,7.2650755257707305,2.487137990807759,0.37597368289873523,3.7179843610331536,0.08097265563057005,0.6030068354005119
2304,3.0969934198639204e-6,9.573256578090616,4.791190212302738,7.280182175212791,2.4961074650542376,0.3759756229473386,3.722528130711867,0.08137326497007948,0.6041976915292673
2305,2.9495175427275426e-6,9.59020143041975,4.799326462520732,7.295536808365523,2.5050759545950756,0.3759774441735526,3.727087264228109,0.08200444613279904,0.6053916992359869
